"time","current"
0,0.63046
0.5,0.63103
1,0.6338
1.5,0.6331
2,0.63612
2.5,0.63753
3,0.63649
3.5,0.63761
4,0.63705
4.5,0.63999
5,0.6386
5.5,0.6417
6,0.64023
6.5,0.6397
7,0.64248
7.5,0.64306
8,0.64252
8.5,0.64399
9,0.64508
9.5,0.64525
10,0.64376
10.5,0.64562
11,0.64702
11.5,0.64712
12,0.6458
12.5,0.64828
13,0.64839
13.5,0.648
14,0.64836
14.5,0.64925
15,0.64832
15.5,0.65062
16,0.64833
16.5,0.65134
17,0.65029
17.5,0.65213
18,0.65226
18.5,0.64971
19,0.65122
19.5,0.65254
20,0.6531
20.5,0.65452
21,0.65341
21.5,0.6523
22,0.65368
22.5,0.65537
23,0.65586
23.5,0.65562
24,0.6577
24.5,0.65742
25,0.65659
25.5,0.65804
26,0.6569
26.5,0.65746
27,0.65673
27.5,0.65655
28,0.65925
28.5,0.65764
29,0.66026
29.5,0.65818
30,0.65867
30.5,0.65873
31,0.65915
31.5,0.65904
32,0.65929
32.5,0.65994
33,0.65987
33.5,0.65905
34,0.66124
34.5,0.66255
35,0.66052
35.5,0.66129
36,0.66164
36.5,0.66175
37,0.66172
37.5,0.66092
38,0.6643
38.5,0.66391
39,0.66197
39.5,0.66432
40,0.66212
40.5,0.66416
41,0.66349
41.5,0.66313
42,0.66447
42.5,0.6613
43,0.66322
43.5,0.66215
44,0.6636
44.5,0.66509
45,0.66151
45.5,0.66577
46,0.66362
46.5,0.66561
47,0.66526
47.5,0.66613
48,0.66493
48.5,0.66696
49,0.6649
49.5,0.66481
50,0.66613
50.5,0.6666
51,0.66691
51.5,0.66607
52,0.66612
52.5,0.66573
53,0.66657
53.5,0.66805
54,0.66686
54.5,0.66815
55,0.66793
55.5,0.66714
56,0.66883
56.5,0.66656
57,0.6693
57.5,0.66852
58,0.66752
58.5,0.66944
59,0.66889
59.5,0.67093
60,0.66926
60.5,0.66878
61,0.66799
61.5,0.67018
62,0.66909
62.5,0.67096
63,0.67151
63.5,0.67355
64,0.67044
64.5,0.66936
65,0.67072
65.5,0.67255
66,0.67222
66.5,0.67234
67,0.67113
67.5,0.67318
68,0.67263
68.5,0.67262
69,0.6716
69.5,0.67095
70,0.67244
70.5,0.6715
71,0.67356
71.5,0.67186
72,0.67152
72.5,0.67297
73,0.67132
73.5,0.67223
74,0.67473
74.5,0.67288
75,0.6769
75.5,0.6731
76,0.6759
76.5,0.67487
77,0.67547
77.5,0.67452
78,0.67254
78.5,0.67494
79,0.67625
79.5,0.67566
80,0.67596
80.5,0.67288
81,0.67575
81.5,0.67278
82,0.67576
82.5,0.67458
83,0.67458
83.5,0.67561
84,0.67413
84.5,0.67527
85,0.67542
85.5,0.67737
86,0.67461
86.5,0.67689
87,0.6761
87.5,0.6769
88,0.6774
88.5,0.67739
89,0.67762
89.5,0.67513
90,0.67856
90.5,0.67717
91,0.67694
91.5,0.67812
92,0.67986
92.5,0.67599
93,0.67719
93.5,0.67884
94,0.6768
94.5,0.67625
95,0.67722
95.5,0.67635
96,0.67647
96.5,0.67891
97,0.67666
97.5,0.6774
98,0.67477
98.5,0.67708
99,0.6766
99.5,0.67513
100,0.67427
100.5,0.67954
101,0.6766
101.5,0.67722
102,0.67903
102.5,0.6763
103,0.67601
103.5,0.6773
104,0.67832
104.5,0.67837
105,0.67845
105.5,0.67665
106,0.67663
106.5,0.67965
107,0.67837
107.5,0.67711
108,0.67905
108.5,0.6774
109,0.67832
109.5,0.67837
110,0.68023
110.5,0.67982
111,0.68025
111.5,0.67805
112,0.67974
112.5,0.67709
113,0.68124
113.5,0.68014
114,0.67944
114.5,0.67884
115,0.68112
115.5,0.67896
116,0.67729
116.5,0.67928
117,0.67888
117.5,0.67615
118,0.67912
118.5,0.67723
119,0.67866
119.5,0.68062
120,0.67671
120.5,0.67975
121,0.68116
121.5,0.68043
122,0.67954
122.5,0.68192
123,0.68466
123.5,0.68175
124,0.68146
124.5,0.68244
125,0.68475
125.5,0.68377
126,0.68164
126.5,0.68438
127,0.68214
127.5,0.68584
128,0.68414
128.5,0.68505
129,0.68402
129.5,0.68275
130,0.68287
130.5,0.68217
131,0.68341
131.5,0.68238
132,0.6831
132.5,0.68505
133,0.6807
133.5,0.68232
134,0.6816
134.5,0.68236
135,0.68104
135.5,0.68305
136,0.68123
136.5,0.68351
137,0.68007
137.5,0.68144
138,0.68394
138.5,0.68372
139,0.6822
139.5,0.68171
140,0.68228
140.5,0.68304
141,0.68084
141.5,0.68375
142,0.68352
142.5,0.68318
143,0.68267
143.5,0.68395
144,0.68144
144.5,0.68336
145,0.68357
145.5,0.68205
146,0.68126
146.5,0.68236
147,0.68324
147.5,0.68385
148,0.6846
148.5,0.68393
149,0.68456
149.5,0.68253
150,0.68325
150.5,0.68181
151,0.68469
151.5,0.68251
152,0.68296
152.5,0.68176
153,0.68191
153.5,0.68218
154,0.68293
154.5,0.68447
155,0.68369
155.5,0.68355
156,0.68188
156.5,0.68158
157,0.68498
157.5,0.68102
158,0.68464
158.5,0.68441
159,0.68252
159.5,0.6839
160,0.68476
160.5,0.68428
161,0.68275
161.5,0.68567
162,0.68268
162.5,0.68658
163,0.68349
163.5,0.68556
164,0.6852
164.5,0.68279
165,0.68714
165.5,0.68482
166,0.68494
166.5,0.68439
167,0.68411
167.5,0.68472
168,0.68146
168.5,0.68268
169,0.68432
169.5,0.685
170,0.68221
170.5,0.68393
171,0.68221
171.5,0.6846
172,0.68508
172.5,0.68254
173,0.68397
173.5,0.68726
174,0.68475
174.5,0.68732
175,0.68567
175.5,0.68754
176,0.68746
176.5,0.68539
177,0.68743
177.5,0.68478
178,0.68815
178.5,0.6864
179,0.68577
179.5,0.68591
180,0.68786
180.5,0.68601
181,0.68684
181.5,0.68674
182,0.68694
182.5,0.68848
183,0.68898
183.5,0.68787
184,0.68889
184.5,0.68522
185,0.68617
185.5,0.68548
186,0.68479
186.5,0.68587
187,0.68776
187.5,0.68495
188,0.68658
188.5,0.68583
189,0.69087
398,0.61552
398.5,0.62125
399,0.6217
399.5,0.62096
400,0.62421
400.5,0.62456
401,0.62463
401.5,0.62669
402,0.62638
402.5,0.62814
403,0.62808
403.5,0.62939
404,0.63102
404.5,0.62881
405,0.63242
405.5,0.63138
406,0.63268
406.5,0.63463
407,0.63498
407.5,0.63585
408,0.63568
408.5,0.63468
409,0.63819
409.5,0.63482
410,0.63896
410.5,0.63748
411,0.63823
411.5,0.63707
412,0.63652
412.5,0.63706
413,0.63716
413.5,0.63867
414,0.63904
414.5,0.63826
415,0.64031
415.5,0.64072
416,0.63785
416.5,0.63911
417,0.63898
417.5,0.6428
418,0.64121
418.5,0.64043
419,0.6424
419.5,0.64104
420,0.64242
420.5,0.64283
421,0.64365
421.5,0.64337
422,0.64384
422.5,0.6434
423,0.64232
423.5,0.64466
424,0.64312
424.5,0.64369
425,0.64393
425.5,0.64428
426,0.64398
426.5,0.64537
427,0.6447
427.5,0.64492
428,0.64523
428.5,0.6474
429,0.64821
429.5,0.64693
430,0.64892
430.5,0.64549
431,0.64769
431.5,0.64881
432,0.64963
432.5,0.64715
433,0.6493
433.5,0.64907
434,0.64926
434.5,0.64927
435,0.6499
435.5,0.64987
436,0.64955
436.5,0.65115
437,0.65103
437.5,0.65046
438,0.65324
438.5,0.65077
439,0.65141
439.5,0.65288
440,0.65384
440.5,0.65385
441,0.65329
441.5,0.65348
442,0.6546
442.5,0.65494
443,0.65302
443.5,0.65466
444,0.65484
444.5,0.65466
445,0.65419
445.5,0.65517
446,0.65369
446.5,0.65499
447,0.65548
447.5,0.65539
448,0.65288
448.5,0.65692
449,0.65421
449.5,0.65618
450,0.65691
450.5,0.65514
451,0.65555
451.5,0.65639
452,0.65669
452.5,0.65691
453,0.65673
453.5,0.65773
454,0.65495
454.5,0.65595
455,0.6552
455.5,0.65823
456,0.65657
456.5,0.6557
457,0.657
457.5,0.65612
458,0.65722
458.5,0.65752
459,0.65649
459.5,0.65774
460,0.65701
460.5,0.65807
461,0.65802
461.5,0.65765
462,0.65865
462.5,0.65873
463,0.66005
463.5,0.65961
464,0.65889
464.5,0.65765
465,0.66144
465.5,0.65691
466,0.6587
466.5,0.65936
467,0.65918
467.5,0.65907
468,0.66119
468.5,0.66089
469,0.65957
469.5,0.6624
470,0.65972
470.5,0.6603
471,0.66085
471.5,0.65905
472,0.663
472.5,0.65789
473,0.66223
473.5,0.66054
474,0.66202
474.5,0.66172
475,0.66302
475.5,0.66474
476,0.66245
476.5,0.66381
477,0.66254
477.5,0.6648
478,0.66486
478.5,0.66376
479,0.66546
479.5,0.66556
480,0.66587
480.5,0.66325
481,0.66384
481.5,0.6633
482,0.66292
482.5,0.66415
483,0.66355
483.5,0.66455
484,0.66524
484.5,0.66479
485,0.66587
485.5,0.66346
486,0.66538
486.5,0.6641
487,0.66278
487.5,0.6658
488,0.66304
488.5,0.66402
489,0.66597
489.5,0.66396
490,0.66709
490.5,0.66489
491,0.66719
491.5,0.66563
492,0.66466
492.5,0.66469
493,0.66499
493.5,0.66779
494,0.6685
494.5,0.66673
495,0.66725
495.5,0.66739
496,0.66774
496.5,0.66662
497,0.66771
497.5,0.66717
498,0.66595
498.5,0.6696
499,0.66512
499.5,0.66572
500,0.66886
500.5,0.66479
501,0.66624
501.5,0.66591
502,0.66405
502.5,0.66489
503,0.66781
503.5,0.66299
504,0.66602
504.5,0.66501
505,0.66321
505.5,0.66715
506,0.66334
506.5,0.66519
507,0.6638
507.5,0.66414
508,0.66732
508.5,0.66203
509,0.66424
509.5,0.66434
510,0.66442
510.5,0.66476
511,0.66237
511.5,0.6644
512,0.66268
512.5,0.66495
513,0.66252
513.5,0.66361
514,0.66361
514.5,0.66326
515,0.66431
515.5,0.66361
516,0.66599
516.5,0.66707
517,0.6647
517.5,0.66726
518,0.66481
518.5,0.66833
519,0.666
519.5,0.66732
520,0.66774
520.5,0.66606
521,0.66945
521.5,0.66609
522,0.66805
522.5,0.66815
523,0.66695
523.5,0.66831
524,0.66558
524.5,0.66458
525,0.6645
525.5,0.66671
526,0.66585
526.5,0.66591
527,0.66496
527.5,0.66421
528,0.66668
528.5,0.66508
529,0.66795
529.5,0.66573
530,0.66606
530.5,0.6664
531,0.66588
531.5,0.66534
532,0.6635
532.5,0.66305
533,0.66691
533.5,0.66503
534,0.66821
534.5,0.6659
535,0.66197
535.5,0.66637
536,0.66601
536.5,0.66805
537,0.66659
537.5,0.6688
538,0.66785
538.5,0.66548
539,0.66727
539.5,0.6666
540,0.6678
540.5,0.66395
541,0.66604
541.5,0.66711
542,0.66658
542.5,0.66742
543,0.66906
543.5,0.67081
544,0.66993
544.5,0.66965
545,0.67103
545.5,0.67127
546,0.66856
546.5,0.67272
547,0.66806
547.5,0.67173
548,0.67086
548.5,0.6716
549,0.67183
549.5,0.66778
550,0.66809
550.5,0.67081
551,0.66743
551.5,0.66955
552,0.67162
552.5,0.66877
553,0.66865
553.5,0.67163
554,0.6699
554.5,0.66959
555,0.67015
555.5,0.67011
556,0.67063
556.5,0.67086
557,0.66978
557.5,0.67023
558,0.67053
558.5,0.66926
559,0.66958
559.5,0.67121
560,0.66719
560.5,0.67185
561,0.66792
561.5,0.67346
562,0.67226
562.5,0.67235
563,0.67372
563.5,0.66996
564,0.66941
564.5,0.66841
565,0.67196
565.5,0.67044
566,0.66765
566.5,0.67084
567,0.66729
567.5,0.67128
568,0.66661
568.5,0.6713
569,0.6687
569.5,0.67362
570,0.67116
570.5,0.67342
571,0.67115
571.5,0.67417
572,0.67247
572.5,0.67103
573,0.67371
573.5,0.6721
574,0.67101
574.5,0.67104
575,0.67329
575.5,0.67065
576,0.67404
576.5,0.67239
577,0.67495
577.5,0.67319
578,0.67333
578.5,0.66869
579,0.6724
579.5,0.67117
580,0.67021
580.5,0.67228
581,0.67125
581.5,0.67245
582,0.67192
582.5,0.67041
583,0.67174
583.5,0.67218
584,0.67105
584.5,0.67055
585,0.67029
585.5,0.66917
586,0.67092
586.5,0.67078
587,0.67377
796,0.60491
796.5,0.60692
797,0.60961
797.5,0.60881
798,0.61216
798.5,0.61169
799,0.61269
799.5,0.61476
800,0.61393
800.5,0.61625
801,0.61465
801.5,0.61544
802,0.61688
802.5,0.61429
803,0.61756
803.5,0.61949
804,0.61831
804.5,0.61799
805,0.61793
805.5,0.61964
806,0.61982
806.5,0.62024
807,0.62202
807.5,0.62003
808,0.62114
808.5,0.62145
809,0.62067
809.5,0.62287
810,0.62339
810.5,0.62521
811,0.62611
811.5,0.62761
812,0.62691
812.5,0.628
813,0.62847
813.5,0.62799
814,0.62735
814.5,0.62813
815,0.62841
815.5,0.62945
816,0.62963
816.5,0.63042
817,0.6302
817.5,0.63223
818,0.62926
818.5,0.63089
819,0.63039
819.5,0.63123
820,0.63369
820.5,0.6338
821,0.63366
821.5,0.63289
822,0.63342
822.5,0.63197
823,0.63368
823.5,0.63575
824,0.63476
824.5,0.63509
825,0.63527
825.5,0.63446
826,0.63556
826.5,0.6378
827,0.63701
827.5,0.63779
828,0.6395
828.5,0.63992
829,0.63838
829.5,0.63871
830,0.63957
830.5,0.63798
831,0.63864
831.5,0.63853
832,0.63917
832.5,0.63635
833,0.64028
833.5,0.63913
834,0.63863
834.5,0.63898
835,0.63858
835.5,0.64063
836,0.64153
836.5,0.64025
837,0.64125
837.5,0.64192
838,0.6393
838.5,0.64144
839,0.64021
839.5,0.64305
840,0.64336
840.5,0.64176
841,0.63992
841.5,0.64423
842,0.64222
842.5,0.64147
843,0.64047
843.5,0.64249
844,0.64185
844.5,0.64192
845,0.64294
845.5,0.64203
846,0.64207
846.5,0.64221
847,0.64401
847.5,0.64172
848,0.64307
848.5,0.64248
849,0.64314
849.5,0.6448
850,0.64425
850.5,0.64304
851,0.64304
851.5,0.64304
852,0.64363
852.5,0.64569
853,0.64218
853.5,0.64536
854,0.64145
854.5,0.64387
855,0.64498
855.5,0.64525
856,0.64564
856.5,0.64303
857,0.64496
857.5,0.64684
858,0.64444
858.5,0.64665
859,0.64596
859.5,0.6466
860,0.64599
860.5,0.64849
861,0.6466
861.5,0.64833
862,0.64699
862.5,0.64651
863,0.64975
863.5,0.64578
864,0.64742
864.5,0.6463
865,0.64512
865.5,0.6487
866,0.64803
866.5,0.64449
867,0.64691
867.5,0.6501
868,0.64653
868.5,0.64676
869,0.64757
869.5,0.6463
870,0.6469
870.5,0.6461
871,0.64683
871.5,0.64577
872,0.6477
872.5,0.64704
873,0.64521
873.5,0.64763
874,0.64868
874.5,0.64737
875,0.64997
875.5,0.65078
876,0.64884
876.5,0.65082
877,0.64849
877.5,0.64862
878,0.65019
878.5,0.6514
879,0.64893
879.5,0.64982
880,0.65074
880.5,0.65232
881,0.64966
881.5,0.6517
882,0.64914
882.5,0.65105
883,0.65155
883.5,0.65207
884,0.64967
884.5,0.6523
885,0.6511
885.5,0.65212
886,0.6511
886.5,0.6497
887,0.6524
887.5,0.65067
888,0.65224
888.5,0.65302
889,0.64994
889.5,0.65224
890,0.65205
890.5,0.65006
891,0.64883
891.5,0.65265
892,0.65175
892.5,0.65134
893,0.65292
893.5,0.65326
894,0.65129
894.5,0.65387
895,0.65387
895.5,0.6533
896,0.65301
896.5,0.65636
897,0.65591
897.5,0.65215
898,0.65558
898.5,0.65422
899,0.6554
899.5,0.65558
900,0.65407
900.5,0.65478
901,0.65379
901.5,0.6533
902,0.65624
902.5,0.65608
903,0.65423
903.5,0.65534
904,0.65183
904.5,0.65695
905,0.65387
905.5,0.65501
906,0.65356
906.5,0.65298
907,0.65411
907.5,0.65307
908,0.65458
908.5,0.65385
909,0.65248
909.5,0.65672
910,0.65447
910.5,0.65314
911,0.65474
911.5,0.65229
912,0.6542
912.5,0.65268
913,0.65384
913.5,0.65714
914,0.65641
914.5,0.65789
915,0.65508
915.5,0.654
916,0.65437
916.5,0.65533
917,0.65574
917.5,0.65477
918,0.65595
918.5,0.65565
919,0.65574
919.5,0.65456
920,0.65481
920.5,0.65577
921,0.65839
921.5,0.65542
922,0.65655
922.5,0.65582
923,0.65647
923.5,0.65771
924,0.65373
924.5,0.65486
925,0.65454
925.5,0.65441
926,0.65649
926.5,0.6534
927,0.6544
927.5,0.65568
928,0.6538
928.5,0.65467
929,0.6574
929.5,0.65437
930,0.65495
930.5,0.65486
931,0.65337
931.5,0.65733
932,0.65499
932.5,0.65575
933,0.65702
933.5,0.65515
934,0.65679
934.5,0.65666
935,0.6576
935.5,0.65778
936,0.65811
936.5,0.66044
937,0.65635
937.5,0.65893
938,0.65825
938.5,0.65547
939,0.65768
939.5,0.65784
940,0.6561
940.5,0.6604
941,0.65579
941.5,0.6569
942,0.65628
942.5,0.66052
943,0.66061
943.5,0.65864
944,0.65762
944.5,0.66008
945,0.65786
945.5,0.6591
946,0.65862
946.5,0.66005
947,0.66215
947.5,0.65752
948,0.66054
948.5,0.66052
949,0.66037
949.5,0.65901
950,0.65751
950.5,0.65855
951,0.66043
951.5,0.65535
952,0.65743
952.5,0.65598
953,0.65697
953.5,0.65911
954,0.65887
954.5,0.65983
955,0.65777
955.5,0.65872
956,0.65688
956.5,0.65953
957,0.65755
957.5,0.65848
958,0.65422
958.5,0.65768
959,0.65998
959.5,0.66111
960,0.6624
960.5,0.65936
961,0.65958
961.5,0.66169
962,0.66141
962.5,0.66227
963,0.65989
963.5,0.66087
964,0.66049
964.5,0.66168
965,0.65827
965.5,0.65973
966,0.66044
966.5,0.65857
967,0.6568
967.5,0.65854
968,0.66056
968.5,0.66094
969,0.65983
969.5,0.66044
970,0.66208
970.5,0.66054
971,0.65846
971.5,0.66135
972,0.65907
972.5,0.65916
973,0.66242
973.5,0.66002
974,0.66205
974.5,0.66215
975,0.65812
975.5,0.66072
976,0.6606
976.5,0.66205
977,0.65991
977.5,0.66229
978,0.65934
978.5,0.66165
979,0.65966
979.5,0.6644
980,0.6579
980.5,0.65811
981,0.66105
981.5,0.65903
982,0.66184
982.5,0.6591
983,0.66309
983.5,0.66216
984,0.65935
984.5,0.66373
985,0.66147
1194,0.59711
1194.5,0.59864
1195,0.60188
1195.5,0.60103
1196,0.6033
1196.5,0.60344
1197,0.60628
1197.5,0.60641
1198,0.60577
1198.5,0.60645
1199,0.60725
1199.5,0.60717
1200,0.60939
1200.5,0.60938
1201,0.61032
1201.5,0.61162
1202,0.61101
1202.5,0.61204
1203,0.61303
1203.5,0.61236
1204,0.61297
1204.5,0.61346
1205,0.61359
1205.5,0.61182
1206,0.61211
1206.5,0.61295
1207,0.61356
1207.5,0.61586
1208,0.6158
1208.5,0.61596
1209,0.61515
1209.5,0.61671
1210,0.61656
1210.5,0.61854
1211,0.61786
1211.5,0.61698
1212,0.61813
1212.5,0.61682
1213,0.6177
1213.5,0.61993
1214,0.62006
1214.5,0.61927
1215,0.62101
1215.5,0.61956
1216,0.62069
1216.5,0.61922
1217,0.62086
1217.5,0.62182
1218,0.62033
1218.5,0.62233
1219,0.62225
1219.5,0.6209
1220,0.62141
1220.5,0.62022
1221,0.62117
1221.5,0.62037
1222,0.623
1222.5,0.62396
1223,0.62342
1223.5,0.62385
1224,0.62445
1224.5,0.62558
1225,0.62457
1225.5,0.62287
1226,0.62565
1226.5,0.62627
1227,0.62812
1227.5,0.62524
1228,0.62687
1228.5,0.62509
1229,0.62592
1229.5,0.6249
1230,0.62726
1230.5,0.62464
1231,0.62524
1231.5,0.62681
1232,0.62707
1232.5,0.62727
1233,0.62657
1233.5,0.62865
1234,0.62665
1234.5,0.62784
1235,0.62689
1235.5,0.62767
1236,0.62876
1236.5,0.62891
1237,0.62878
1237.5,0.62872
1238,0.63042
1238.5,0.62966
1239,0.62875
1239.5,0.63085
1240,0.62933
1240.5,0.62878
1241,0.63106
1241.5,0.62985
1242,0.62894
1242.5,0.62977
1243,0.63084
1243.5,0.62959
1244,0.6296
1244.5,0.63087
1245,0.62871
1245.5,0.62877
1246,0.63037
1246.5,0.63298
1247,0.63289
1247.5,0.63335
1248,0.63462
1248.5,0.63335
1249,0.63428
1249.5,0.63169
1250,0.63313
1250.5,0.63464
1251,0.6326
1251.5,0.63158
1252,0.63115
1252.5,0.63119
1253,0.63348
1253.5,0.63176
1254,0.6351
1254.5,0.63309
1255,0.63285
1255.5,0.63296
1256,0.63233
1256.5,0.63331
1257,0.63227
1257.5,0.63309
1258,0.63343
1258.5,0.63459
1259,0.63663
1259.5,0.63425
1260,0.63374
1260.5,0.63335
1261,0.63531
1261.5,0.63527
1262,0.63403
1262.5,0.63278
1263,0.63385
1263.5,0.63257
1264,0.63362
1264.5,0.63383
1265,0.6338
1265.5,0.63461
1266,0.63301
1266.5,0.63358
1267,0.63309
1267.5,0.63436
1268,0.63484
1268.5,0.63334
1269,0.6361
1269.5,0.63608
1270,0.63619
1270.5,0.63392
1271,0.63513
1271.5,0.63475
1272,0.6346
1272.5,0.63814
1273,0.63519
1273.5,0.637
1274,0.63748
1274.5,0.63582
1275,0.63742
1275.5,0.63708
1276,0.63633
1276.5,0.63572
1277,0.6353
1277.5,0.63596
1278,0.63765
1278.5,0.63835
1279,0.63807
1279.5,0.63711
1280,0.63667
1280.5,0.63791
1281,0.63723
1281.5,0.63707
1282,0.63698
1282.5,0.63808
1283,0.63643
1283.5,0.63811
1284,0.636
1284.5,0.63652
1285,0.63592
1285.5,0.63612
1286,0.63852
1286.5,0.63704
1287,0.6361
1287.5,0.63841
1288,0.63798
1288.5,0.63754
1289,0.63801
1289.5,0.63781
1290,0.63692
1290.5,0.63848
1291,0.63975
1291.5,0.63834
1292,0.63623
1292.5,0.63829
1293,0.63771
1293.5,0.64004
1294,0.63874
1294.5,0.64072
1295,0.63652
1295.5,0.63996
1296,0.64024
1296.5,0.63951
1297,0.6391
1297.5,0.64103
1298,0.64076
1298.5,0.64167
1299,0.64225
1299.5,0.64065
1300,0.64454
1300.5,0.64103
1301,0.63877
1301.5,0.63828
1302,0.63899
1302.5,0.64
1303,0.63878
1303.5,0.63876
1304,0.64055
1304.5,0.63724
1305,0.63934
1305.5,0.64064
1306,0.6397
1306.5,0.64182
1307,0.63793
1307.5,0.63873
1308,0.64108
1308.5,0.63958
1309,0.64136
1309.5,0.64023
1310,0.64036
1310.5,0.64286
1311,0.64079
1311.5,0.64217
1312,0.64438
1312.5,0.64071
1313,0.64053
1313.5,0.64052
1314,0.64038
1314.5,0.64295
1315,0.64119
1315.5,0.64261
1316,0.64347
1316.5,0.64393
1317,0.64256
1317.5,0.64079
1318,0.64263
1318.5,0.64101
1319,0.6422
1319.5,0.64
1320,0.64324
1320.5,0.64122
1321,0.642
1321.5,0.64249
1322,0.63974
1322.5,0.64403
1323,0.64252
1323.5,0.64193
1324,0.64329
1324.5,0.64207
1325,0.64401
1325.5,0.64323
1326,0.64307
1326.5,0.64448
1327,0.64241
1327.5,0.64192
1328,0.64213
1328.5,0.64246
1329,0.63967
1329.5,0.64203
1330,0.64531
1330.5,0.64217
1331,0.64127
1331.5,0.64157
1332,0.64427
1332.5,0.64194
1333,0.64174
1333.5,0.64395
1334,0.64456
1334.5,0.64254
1335,0.64286
1335.5,0.64222
1336,0.64228
1336.5,0.64191
1337,0.64286
1337.5,0.64274
1338,0.64303
1338.5,0.64223
1339,0.64387
1339.5,0.64297
1340,0.64367
1340.5,0.64327
1341,0.64529
1341.5,0.64381
1342,0.64443
1342.5,0.64423
1343,0.64259
1343.5,0.64586
1344,0.6438
1344.5,0.64368
1345,0.64295
1345.5,0.64405
1346,0.64477
1346.5,0.64672
1347,0.64575
1347.5,0.64486
1348,0.64626
1348.5,0.64694
1349,0.64644
1349.5,0.64607
1350,0.64601
1350.5,0.64525
1351,0.6489
1351.5,0.64342
1352,0.64654
1352.5,0.64942
1353,0.64562
1353.5,0.64774
1354,0.64409
1354.5,0.64635
1355,0.64493
1355.5,0.64587
1356,0.64394
1356.5,0.64349
1357,0.64687
1357.5,0.64619
1358,0.64641
1358.5,0.64523
1359,0.64742
1359.5,0.64971
1360,0.64717
1360.5,0.64452
1361,0.64619
1361.5,0.64619
1362,0.64512
1362.5,0.6466
1363,0.64676
1363.5,0.6459
1364,0.64722
1364.5,0.64756
1365,0.64556
1365.5,0.64751
1366,0.6479
1366.5,0.64517
1367,0.64766
1367.5,0.6466
1368,0.64786
1368.5,0.64791
1369,0.64683
1369.5,0.64495
1370,0.64735
1370.5,0.64749
1371,0.64673
1371.5,0.64864
1372,0.64884
1372.5,0.64669
1373,0.64498
1373.5,0.64599
1374,0.64695
1374.5,0.64678
1375,0.64512
1375.5,0.64547
1376,0.6447
1376.5,0.64257
1377,0.64726
1377.5,0.64559
1378,0.64752
1378.5,0.64551
1379,0.64734
1379.5,0.6485
1380,0.64683
1380.5,0.64719
1381,0.64678
1381.5,0.64727
1382,0.65011
1382.5,0.64825
1383,0.64881
1592,0.59012
1592.5,0.59348
1593,0.59274
1593.5,0.59304
1594,0.59684
1594.5,0.59489
1595,0.59979
1595.5,0.60048
1596,0.59794
1596.5,0.59792
1597,0.6001
1597.5,0.59995
1598,0.60049
1598.5,0.59943
1599,0.60304
1599.5,0.60291
1600,0.60125
1600.5,0.60287
1601,0.6027
1601.5,0.60458
1602,0.60393
1602.5,0.60336
1603,0.60298
1603.5,0.6044
1604,0.60521
1604.5,0.60414
1605,0.60466
1605.5,0.60551
1606,0.60592
1606.5,0.60651
1607,0.60573
1607.5,0.60794
1608,0.60885
1608.5,0.60857
1609,0.60586
1609.5,0.60941
1610,0.60852
1610.5,0.60997
1611,0.60998
1611.5,0.61157
1612,0.61207
1612.5,0.61247
1613,0.61068
1613.5,0.61231
1614,0.61191
1614.5,0.61203
1615,0.61267
1615.5,0.61235
1616,0.61451
1616.5,0.61233
1617,0.61358
1617.5,0.61621
1618,0.61452
1618.5,0.61582
1619,0.61492
1619.5,0.61319
1620,0.61288
1620.5,0.61265
1621,0.61361
1621.5,0.61446
1622,0.61294
1622.5,0.61571
1623,0.61383
1623.5,0.61418
1624,0.61691
1624.5,0.6142
1625,0.61565
1625.5,0.617
1626,0.61505
1626.5,0.61556
1627,0.61507
1627.5,0.61516
1628,0.61714
1628.5,0.61577
1629,0.61741
1629.5,0.61593
1630,0.61773
1630.5,0.61705
1631,0.61647
1631.5,0.61829
1632,0.61892
1632.5,0.62104
1633,0.61779
1633.5,0.61867
1634,0.61934
1634.5,0.61714
1635,0.61887
1635.5,0.61916
1636,0.61801
1636.5,0.62128
1637,0.61737
1637.5,0.61783
1638,0.61709
1638.5,0.61835
1639,0.62217
1639.5,0.62058
1640,0.61999
1640.5,0.62027
1641,0.62195
1641.5,0.6239
1642,0.62276
1642.5,0.62353
1643,0.62345
1643.5,0.62204
1644,0.62194
1644.5,0.62462
1645,0.62378
1645.5,0.62484
1646,0.62552
1646.5,0.62338
1647,0.62366
1647.5,0.62382
1648,0.62474
1648.5,0.62327
1649,0.62336
1649.5,0.62694
1650,0.62316
1650.5,0.62399
1651,0.62416
1651.5,0.62448
1652,0.62522
1652.5,0.62456
1653,0.62561
1653.5,0.62473
1654,0.62816
1654.5,0.62507
1655,0.62565
1655.5,0.62513
1656,0.62783
1656.5,0.62794
1657,0.62694
1657.5,0.62829
1658,0.627
1658.5,0.6282
1659,0.62711
1659.5,0.62643
1660,0.62773
1660.5,0.62641
1661,0.63
1661.5,0.62875
1662,0.6283
1662.5,0.62862
1663,0.62716
1663.5,0.62748
1664,0.62756
1664.5,0.6269
1665,0.62717
1665.5,0.62682
1666,0.62862
1666.5,0.62733
1667,0.62732
1667.5,0.63007
1668,0.63008
1668.5,0.62824
1669,0.62862
1669.5,0.6303
1670,0.62652
1670.5,0.63068
1671,0.63174
1671.5,0.6287
1672,0.63057
1672.5,0.6289
1673,0.62986
1673.5,0.62862
1674,0.62807
1674.5,0.63001
1675,0.62777
1675.5,0.62745
1676,0.62757
1676.5,0.6294
1677,0.62861
1677.5,0.62968
1678,0.6286
1678.5,0.63027
1679,0.63079
1679.5,0.63283
1680,0.63092
1680.5,0.63109
1681,0.63181
1681.5,0.63307
1682,0.63141
1682.5,0.63158
1683,0.63224
1683.5,0.63142
1684,0.63156
1684.5,0.63225
1685,0.63093
1685.5,0.63163
1686,0.63095
1686.5,0.62869
1687,0.63123
1687.5,0.63126
1688,0.62941
1688.5,0.63115
1689,0.62955
1689.5,0.63086
1690,0.63049
1690.5,0.63011
1691,0.6317
1691.5,0.63185
1692,0.62926
1692.5,0.63366
1693,0.62833
1693.5,0.63231
1694,0.63262
1694.5,0.63152
1695,0.6328
1695.5,0.63229
1696,0.63362
1696.5,0.6347
1697,0.6365
1697.5,0.63225
1698,0.63366
1698.5,0.63332
1699,0.63344
1699.5,0.63337
1700,0.63378
1700.5,0.63345
1701,0.63724
1701.5,0.63551
1702,0.63454
1702.5,0.63525
1703,0.63497
1703.5,0.63399
1704,0.6348
1704.5,0.63579
1705,0.63641
1705.5,0.63564
1706,0.63481
1706.5,0.63758
1707,0.63769
1707.5,0.63486
1708,0.63508
1708.5,0.63505
1709,0.63314
1709.5,0.6341
1710,0.63443
1710.5,0.63311
1711,0.63498
1711.5,0.63354
1712,0.63147
1712.5,0.63513
1713,0.63353
1713.5,0.63387
1714,0.63393
1714.5,0.63412
1715,0.63588
1715.5,0.63457
1716,0.63211
1716.5,0.63595
1717,0.63271
1717.5,0.6324
1718,0.63259
1718.5,0.63448
1719,0.63257
1719.5,0.63328
1720,0.6344
1720.5,0.6356
1721,0.63637
1721.5,0.63591
1722,0.63572
1722.5,0.63772
1723,0.63553
1723.5,0.63753
1724,0.63777
1724.5,0.63552
1725,0.63555
1725.5,0.63606
1726,0.63643
1726.5,0.63745
1727,0.63937
1727.5,0.63664
1728,0.636
1728.5,0.63666
1729,0.63719
1729.5,0.63328
1730,0.63538
1730.5,0.63836
1731,0.63602
1731.5,0.63792
1732,0.63617
1732.5,0.63601
1733,0.63437
1733.5,0.63415
1734,0.63571
1734.5,0.63295
1735,0.63477
1735.5,0.63708
1736,0.63494
1736.5,0.63696
1737,0.63625
1737.5,0.63624
1738,0.63757
1738.5,0.63642
1739,0.63678
1739.5,0.63523
1740,0.63368
1740.5,0.6375
1741,0.63575
1741.5,0.63456
1742,0.63565
1742.5,0.63822
1743,0.6369
1743.5,0.63697
1744,0.63929
1744.5,0.63733
1745,0.63602
1745.5,0.6359
1746,0.63452
1746.5,0.63632
1747,0.63697
1747.5,0.63635
1748,0.63827
1748.5,0.63687
1749,0.64008
1749.5,0.63519
1750,0.63879
1750.5,0.64092
1751,0.63654
1751.5,0.63857
1752,0.63577
1752.5,0.63805
1753,0.63848
1753.5,0.63865
1754,0.63774
1754.5,0.63611
1755,0.63574
1755.5,0.63788
1756,0.63918
1756.5,0.6351
1757,0.63869
1757.5,0.63678
1758,0.63719
1758.5,0.63685
1759,0.63756
1759.5,0.6363
1760,0.63748
1760.5,0.63799
1761,0.63731
1761.5,0.63963
1762,0.63781
1762.5,0.6368
1763,0.63936
1763.5,0.63991
1764,0.63822
1764.5,0.63712
1765,0.63864
1765.5,0.63791
1766,0.64064
1766.5,0.63711
1767,0.63919
1767.5,0.63859
1768,0.6382
1768.5,0.63892
1769,0.63756
1769.5,0.63642
1770,0.63752
1770.5,0.63641
1771,0.64172
1771.5,0.64085
1772,0.6407
1772.5,0.63879
1773,0.63917
1773.5,0.6433
1774,0.64129
1774.5,0.63803
1775,0.63935
1775.5,0.63712
1776,0.64155
1776.5,0.63801
1777,0.64131
1777.5,0.6419
1778,0.63936
1778.5,0.64118
1779,0.63981
1779.5,0.64131
1780,0.64066
1780.5,0.64176
1781,0.64127
1990,0.5815
1990.5,0.58394
1991,0.58636
1991.5,0.58537
1992,0.58883
1992.5,0.58637
1993,0.58713
1993.5,0.58872
1994,0.58996
1994.5,0.58997
1995,0.58956
1995.5,0.5901
1996,0.59047
1996.5,0.58896
1997,0.5918
1997.5,0.59078
1998,0.59215
1998.5,0.593
1999,0.59295
1999.5,0.59198
2000,0.5936
2000.5,0.59402
2001,0.59573
2001.5,0.59585
2002,0.59704
2002.5,0.59656
2003,0.59721
2003.5,0.59638
2004,0.59963
2004.5,0.59797
2005,0.59848
2005.5,0.59976
2006,0.59795
2006.5,0.59913
2007,0.59831
2007.5,0.59939
2008,0.5999
2008.5,0.5994
2009,0.59897
2009.5,0.59937
2010,0.5997
2010.5,0.60006
2011,0.60156
2011.5,0.60166
2012,0.60131
2012.5,0.60148
2013,0.60205
2013.5,0.6011
2014,0.60191
2014.5,0.60184
2015,0.60306
2015.5,0.60167
2016,0.60282
2016.5,0.60362
2017,0.60343
2017.5,0.60386
2018,0.60497
2018.5,0.60484
2019,0.60699
2019.5,0.60363
2020,0.60534
2020.5,0.60374
2021,0.60495
2021.5,0.60558
2022,0.60508
2022.5,0.60573
2023,0.6057
2023.5,0.60648
2024,0.60772
2024.5,0.60837
2025,0.6057
2025.5,0.60898
2026,0.60876
2026.5,0.60794
2027,0.60939
2027.5,0.60858
2028,0.61115
2028.5,0.60919
2029,0.6092
2029.5,0.60955
2030,0.61273
2030.5,0.61201
2031,0.61129
2031.5,0.61232
2032,0.61037
2032.5,0.61298
2033,0.61194
2033.5,0.61105
2034,0.61213
2034.5,0.6127
2035,0.61246
2035.5,0.61247
2036,0.61106
2036.5,0.61223
2037,0.61481
2037.5,0.61417
2038,0.6151
2038.5,0.61297
2039,0.61551
2039.5,0.61456
2040,0.61479
2040.5,0.61457
2041,0.61454
2041.5,0.61377
2042,0.61466
2042.5,0.61395
2043,0.61492
2043.5,0.616
2044,0.61459
2044.5,0.61484
2045,0.61376
2045.5,0.61232
2046,0.61703
2046.5,0.61449
2047,0.61341
2047.5,0.61607
2048,0.61354
2048.5,0.6154
2049,0.61529
2049.5,0.61702
2050,0.61646
2050.5,0.61561
2051,0.61361
2051.5,0.61523
2052,0.61568
2052.5,0.61564
2053,0.614
2053.5,0.61477
2054,0.61639
2054.5,0.61695
2055,0.61724
2055.5,0.61852
2056,0.61579
2056.5,0.61646
2057,0.61756
2057.5,0.61684
2058,0.61896
2058.5,0.61716
2059,0.61768
2059.5,0.61924
2060,0.61505
2060.5,0.61524
2061,0.61497
2061.5,0.61693
2062,0.61822
2062.5,0.61702
2063,0.61726
2063.5,0.61857
2064,0.61539
2064.5,0.61692
2065,0.61617
2065.5,0.61687
2066,0.61669
2066.5,0.6164
2067,0.61793
2067.5,0.61776
2068,0.61662
2068.5,0.61618
2069,0.61896
2069.5,0.61705
2070,0.61943
2070.5,0.61752
2071,0.61886
2071.5,0.61864
2072,0.62114
2072.5,0.61746
2073,0.61845
2073.5,0.61797
2074,0.61827
2074.5,0.61843
2075,0.61885
2075.5,0.6178
2076,0.61965
2076.5,0.6195
2077,0.62152
2077.5,0.62086
2078,0.61918
2078.5,0.62119
2079,0.61921
2079.5,0.61993
2080,0.61978
2080.5,0.62138
2081,0.61952
2081.5,0.62047
2082,0.62018
2082.5,0.62235
2083,0.62297
2083.5,0.62099
2084,0.62443
2084.5,0.62109
2085,0.61954
2085.5,0.62114
2086,0.61889
2086.5,0.62183
2087,0.61955
2087.5,0.62034
2088,0.61955
2088.5,0.61637
2089,0.62398
2089.5,0.61864
2090,0.62076
2090.5,0.6199
2091,0.61808
2091.5,0.62077
2092,0.62203
2092.5,0.62005
2093,0.61999
2093.5,0.62019
2094,0.62298
2094.5,0.62245
2095,0.62328
2095.5,0.62235
2096,0.62006
2096.5,0.62162
2097,0.62049
2097.5,0.62069
2098,0.6219
2098.5,0.62176
2099,0.62288
2099.5,0.62077
2100,0.62129
2100.5,0.62043
2101,0.6208
2101.5,0.62163
2102,0.62026
2102.5,0.62025
2103,0.62244
2103.5,0.62043
2104,0.61851
2104.5,0.61961
2105,0.61978
2105.5,0.6198
2106,0.61829
2106.5,0.61849
2107,0.61994
2107.5,0.62202
2108,0.62309
2108.5,0.62071
2109,0.61967
2109.5,0.62339
2110,0.62169
2110.5,0.62441
2111,0.62364
2111.5,0.6232
2112,0.62177
2112.5,0.62006
2113,0.61889
2113.5,0.6228
2114,0.62088
2114.5,0.62259
2115,0.62349
2115.5,0.62079
2116,0.62285
2116.5,0.62158
2117,0.62239
2117.5,0.62137
2118,0.62408
2118.5,0.62267
2119,0.62162
2119.5,0.62355
2120,0.62323
2120.5,0.62244
2121,0.62621
2121.5,0.62146
2122,0.62311
2122.5,0.62287
2123,0.62473
2123.5,0.62555
2124,0.62481
2124.5,0.62119
2125,0.62236
2125.5,0.62331
2126,0.62637
2126.5,0.62718
2127,0.62379
2127.5,0.62465
2128,0.62448
2128.5,0.62671
2129,0.62507
2129.5,0.62549
2130,0.62494
2130.5,0.62647
2131,0.62302
2131.5,0.62375
2132,0.62609
2132.5,0.62389
2133,0.62602
2133.5,0.62876
2134,0.62571
2134.5,0.62544
2135,0.62719
2135.5,0.62465
2136,0.62549
2136.5,0.62455
2137,0.62449
2137.5,0.6248
2138,0.62877
2138.5,0.62561
2139,0.62708
2139.5,0.62575
2140,0.62587
2140.5,0.62528
2141,0.62791
2141.5,0.62713
2142,0.62674
2142.5,0.62661
2143,0.6262
2143.5,0.62884
2144,0.62761
2144.5,0.62595
2145,0.62574
2145.5,0.62637
2146,0.62598
2146.5,0.62741
2147,0.6271
2147.5,0.62332
2148,0.62743
2148.5,0.62706
2149,0.62574
2149.5,0.62847
2150,0.62511
2150.5,0.62744
2151,0.62441
2151.5,0.62673
2152,0.6269
2152.5,0.62125
2153,0.62424
2153.5,0.62461
2154,0.62562
2154.5,0.62622
2155,0.62743
2155.5,0.6279
2156,0.62913
2156.5,0.62462
2157,0.63015
2157.5,0.62686
2158,0.62408
2158.5,0.62783
2159,0.62679
2159.5,0.6292
2160,0.62474
2160.5,0.62875
2161,0.62672
2161.5,0.62633
2162,0.62967
2162.5,0.62596
2163,0.62617
2163.5,0.62664
2164,0.62705
2164.5,0.6297
2165,0.62683
2165.5,0.62967
2166,0.62731
2166.5,0.62779
2167,0.62935
2167.5,0.62628
2168,0.62842
2168.5,0.627
2169,0.62882
2169.5,0.62732
2170,0.62709
2170.5,0.6284
2171,0.62676
2171.5,0.62644
2172,0.62643
2172.5,0.62721
2173,0.62855
2173.5,0.62977
2174,0.62771
2174.5,0.62775
2175,0.63024
2175.5,0.62901
2176,0.62936
2176.5,0.62773
2177,0.62885
2177.5,0.6296
2178,0.6323
2178.5,0.62956
2179,0.63164
2388,0.5718
2388.5,0.57201
2389,0.57228
2389.5,0.57404
2390,0.57757
2390.5,0.57656
2391,0.57588
2391.5,0.57841
2392,0.57826
2392.5,0.58034
2393,0.57967
2393.5,0.57953
2394,0.58111
2394.5,0.58136
2395,0.58301
2395.5,0.5835
2396,0.58219
2396.5,0.58528
2397,0.58443
2397.5,0.58631
2398,0.58467
2398.5,0.58686
2399,0.58663
2399.5,0.58552
2400,0.58584
2400.5,0.58714
2401,0.58847
2401.5,0.58971
2402,0.58906
2402.5,0.5884
2403,0.58852
2403.5,0.58963
2404,0.58805
2404.5,0.59116
2405,0.58893
2405.5,0.5902
2406,0.5903
2406.5,0.59044
2407,0.58851
2407.5,0.59046
2408,0.58935
2408.5,0.59
2409,0.59223
2409.5,0.59026
2410,0.5929
2410.5,0.59281
2411,0.59235
2411.5,0.59406
2412,0.59413
2412.5,0.59353
2413,0.59432
2413.5,0.59421
2414,0.59439
2414.5,0.59608
2415,0.59498
2415.5,0.59617
2416,0.59611
2416.5,0.59723
2417,0.59732
2417.5,0.59717
2418,0.59809
2418.5,0.59711
2419,0.59643
2419.5,0.59871
2420,0.59938
2420.5,0.59806
2421,0.59768
2421.5,0.59931
2422,0.60029
2422.5,0.59948
2423,0.6004
2423.5,0.60022
2424,0.6018
2424.5,0.60066
2425,0.6015
2425.5,0.60105
2426,0.60183
2426.5,0.60155
2427,0.59986
2427.5,0.60106
2428,0.60163
2428.5,0.60141
2429,0.60203
2429.5,0.60159
2430,0.60259
2430.5,0.60147
2431,0.60239
2431.5,0.60131
2432,0.5995
2432.5,0.60278
2433,0.60219
2433.5,0.60455
2434,0.60238
2434.5,0.60361
2435,0.60512
2435.5,0.60238
2436,0.6033
2436.5,0.6039
2437,0.60442
2437.5,0.60565
2438,0.60251
2438.5,0.60431
2439,0.6031
2439.5,0.60227
2440,0.60348
2440.5,0.6036
2441,0.60557
2441.5,0.60143
2442,0.60432
2442.5,0.60471
2443,0.60333
2443.5,0.60448
2444,0.60391
2444.5,0.60525
2445,0.60337
2445.5,0.60278
2446,0.60441
2446.5,0.60651
2447,0.60675
2447.5,0.60624
2448,0.60537
2448.5,0.60466
2449,0.60421
2449.5,0.60514
2450,0.60673
2450.5,0.60568
2451,0.60708
2451.5,0.60416
2452,0.60587
2452.5,0.606
2453,0.60639
2453.5,0.60755
2454,0.60656
2454.5,0.60596
2455,0.60861
2455.5,0.60738
2456,0.60865
2456.5,0.60808
2457,0.6088
2457.5,0.60943
2458,0.6102
2458.5,0.60866
2459,0.60957
2459.5,0.60765
2460,0.6109
2460.5,0.6085
2461,0.6109
2461.5,0.60873
2462,0.61045
2462.5,0.60908
2463,0.60872
2463.5,0.60769
2464,0.60765
2464.5,0.61052
2465,0.60748
2465.5,0.6104
2466,0.60801
2466.5,0.60884
2467,0.60828
2467.5,0.60845
2468,0.6109
2468.5,0.60949
2469,0.61054
2469.5,0.60985
2470,0.61117
2470.5,0.61009
2471,0.60877
2471.5,0.6092
2472,0.60945
2472.5,0.61095
2473,0.6102
2473.5,0.60963
2474,0.60907
2474.5,0.61223
2475,0.61069
2475.5,0.61047
2476,0.61187
2476.5,0.6122
2477,0.611
2477.5,0.61267
2478,0.61105
2478.5,0.61143
2479,0.61241
2479.5,0.61134
2480,0.6122
2480.5,0.61247
2481,0.61215
2481.5,0.61386
2482,0.61482
2482.5,0.61217
2483,0.6132
2483.5,0.61459
2484,0.61207
2484.5,0.61281
2485,0.61491
2485.5,0.61517
2486,0.61525
2486.5,0.61149
2487,0.61623
2487.5,0.61384
2488,0.61472
2488.5,0.6145
2489,0.61521
2489.5,0.61328
2490,0.61225
2490.5,0.61141
2491,0.6121
2491.5,0.61437
2492,0.61136
2492.5,0.61321
2493,0.61436
2493.5,0.61376
2494,0.6153
2494.5,0.61385
2495,0.61275
2495.5,0.61588
2496,0.61289
2496.5,0.6143
2497,0.61337
2497.5,0.61462
2498,0.61444
2498.5,0.61146
2499,0.61517
2499.5,0.61178
2500,0.61089
2500.5,0.61133
2501,0.61133
2501.5,0.61445
2502,0.61173
2502.5,0.61161
2503,0.61151
2503.5,0.61383
2504,0.61356
2504.5,0.61197
2505,0.61443
2505.5,0.61159
2506,0.61251
2506.5,0.61539
2507,0.61282
2507.5,0.61409
2508,0.6131
2508.5,0.61234
2509,0.61273
2509.5,0.61477
2510,0.61033
2510.5,0.61147
2511,0.61395
2511.5,0.61404
2512,0.61353
2512.5,0.61496
2513,0.61486
2513.5,0.61196
2514,0.61311
2514.5,0.61296
2515,0.61346
2515.5,0.61476
2516,0.61294
2516.5,0.61511
2517,0.61192
2517.5,0.61277
2518,0.61365
2518.5,0.61322
2519,0.61586
2519.5,0.61579
2520,0.61452
2520.5,0.61711
2521,0.61344
2521.5,0.614
2522,0.61252
2522.5,0.61241
2523,0.61446
2523.5,0.61292
2524,0.61487
2524.5,0.61597
2525,0.61459
2525.5,0.61543
2526,0.61569
2526.5,0.61561
2527,0.61471
2527.5,0.61431
2528,0.61508
2528.5,0.6159
2529,0.61495
2529.5,0.61674
2530,0.61331
2530.5,0.61645
2531,0.61506
2531.5,0.61228
2532,0.617
2532.5,0.61456
2533,0.61504
2533.5,0.61631
2534,0.61585
2534.5,0.61651
2535,0.61514
2535.5,0.6181
2536,0.61661
2536.5,0.61711
2537,0.61594
2537.5,0.61395
2538,0.61611
2538.5,0.61654
2539,0.61667
2539.5,0.61617
2540,0.61673
2540.5,0.61952
2541,0.61729
2541.5,0.61619
2542,0.61548
2542.5,0.6171
2543,0.61862
2543.5,0.61338
2544,0.61754
2544.5,0.61568
2545,0.61556
2545.5,0.61747
2546,0.61598
2546.5,0.61764
2547,0.61396
2547.5,0.61399
2548,0.61504
2548.5,0.61512
2549,0.61596
2549.5,0.61628
2550,0.61539
2550.5,0.61625
2551,0.61393
2551.5,0.61794
2552,0.61727
2552.5,0.61845
2553,0.61517
2553.5,0.61913
2554,0.61874
2554.5,0.61504
2555,0.61861
2555.5,0.61704
2556,0.61832
2556.5,0.61656
2557,0.61625
2557.5,0.61605
2558,0.61864
2558.5,0.61772
2559,0.61782
2559.5,0.61738
2560,0.61673
2560.5,0.6179
2561,0.61503
2561.5,0.61711
2562,0.61763
2562.5,0.61612
2563,0.62034
2563.5,0.61986
2564,0.61905
2564.5,0.61729
2565,0.61896
2565.5,0.61949
2566,0.61818
2566.5,0.62287
2567,0.61934
2567.5,0.61946
2568,0.61731
2568.5,0.61583
2569,0.61926
2569.5,0.61674
2570,0.61914
2570.5,0.62275
2571,0.62078
2571.5,0.62093
2572,0.6167
2572.5,0.6183
2573,0.61707
2573.5,0.61706
2574,0.61588
2574.5,0.61842
2575,0.61843
2575.5,0.61378
2576,0.61874
2576.5,0.61875
2577,0.61997
2786,0.56393
2786.5,0.56605
2787,0.56646
2787.5,0.57218
2788,0.57274
2788.5,0.57336
2789,0.57505
2789.5,0.57601
2790,0.57585
2790.5,0.57659
2791,0.57804
2791.5,0.57715
2792,0.57973
2792.5,0.57838
2793,0.58021
2793.5,0.58
2794,0.57818
2794.5,0.57974
2795,0.57985
2795.5,0.58022
2796,0.57762
2796.5,0.58018
2797,0.58025
2797.5,0.57991
2798,0.58172
2798.5,0.58316
2799,0.58106
2799.5,0.58374
2800,0.58382
2800.5,0.58324
2801,0.58405
2801.5,0.58528
2802,0.58583
2802.5,0.58571
2803,0.58496
2803.5,0.58448
2804,0.58424
2804.5,0.58589
2805,0.58534
2805.5,0.58672
2806,0.58543
2806.5,0.58896
2807,0.58762
2807.5,0.58717
2808,0.58788
2808.5,0.58682
2809,0.58888
2809.5,0.58633
2810,0.58885
2810.5,0.58775
2811,0.5886
2811.5,0.58883
2812,0.58928
2812.5,0.58834
2813,0.58948
2813.5,0.58819
2814,0.58769
2814.5,0.5876
2815,0.58889
2815.5,0.58997
2816,0.58954
2816.5,0.59082
2817,0.58854
2817.5,0.58955
2818,0.59301
2818.5,0.59198
2819,0.59163
2819.5,0.59153
2820,0.59144
2820.5,0.592
2821,0.59193
2821.5,0.5929
2822,0.59288
2822.5,0.59124
2823,0.5916
2823.5,0.59164
2824,0.5931
2824.5,0.59068
2825,0.59176
2825.5,0.59288
2826,0.59214
2826.5,0.5934
2827,0.59204
2827.5,0.5937
2828,0.5929
2828.5,0.59157
2829,0.59493
2829.5,0.59332
2830,0.59419
2830.5,0.59517
2831,0.59357
2831.5,0.59607
2832,0.59411
2832.5,0.5941
2833,0.5935
2833.5,0.5956
2834,0.59557
2834.5,0.59482
2835,0.59627
2835.5,0.59439
2836,0.59621
2836.5,0.59877
2837,0.59605
2837.5,0.59665
2838,0.59813
2838.5,0.59681
2839,0.59735
2839.5,0.59577
2840,0.59812
2840.5,0.59688
2841,0.59677
2841.5,0.59599
2842,0.59915
2842.5,0.59656
2843,0.59636
2843.5,0.59756
2844,0.59615
2844.5,0.59657
2845,0.59634
2845.5,0.59709
2846,0.59929
2846.5,0.59777
2847,0.59703
2847.5,0.59897
2848,0.59735
2848.5,0.59897
2849,0.59721
2849.5,0.59879
2850,0.59744
2850.5,0.59836
2851,0.59903
2851.5,0.59757
2852,0.59938
2852.5,0.59785
2853,0.59815
2853.5,0.59889
2854,0.59842
2854.5,0.59846
2855,0.59831
2855.5,0.59752
2856,0.59866
2856.5,0.59854
2857,0.59931
2857.5,0.60116
2858,0.59766
2858.5,0.60077
2859,0.6019
2859.5,0.59909
2860,0.60152
2860.5,0.60099
2861,0.60016
2861.5,0.59923
2862,0.59964
2862.5,0.60124
2863,0.60123
2863.5,0.60298
2864,0.60154
2864.5,0.60251
2865,0.6006
2865.5,0.59994
2866,0.60197
2866.5,0.60183
2867,0.60357
2867.5,0.60212
2868,0.6032
2868.5,0.60138
2869,0.60093
2869.5,0.60278
2870,0.60056
2870.5,0.60268
2871,0.60072
2871.5,0.60361
2872,0.60407
2872.5,0.60173
2873,0.60321
2873.5,0.60034
2874,0.60273
2874.5,0.60138
2875,0.59971
2875.5,0.60412
2876,0.60244
2876.5,0.6024
2877,0.60031
2877.5,0.60244
2878,0.60102
2878.5,0.60131
2879,0.6026
2879.5,0.60173
2880,0.60479
2880.5,0.60373
2881,0.60242
2881.5,0.60394
2882,0.60406
2882.5,0.60348
2883,0.60062
2883.5,0.60393
2884,0.60339
2884.5,0.604
2885,0.60571
2885.5,0.60398
2886,0.60175
2886.5,0.60253
2887,0.60314
2887.5,0.60356
2888,0.60541
2888.5,0.60278
2889,0.60483
2889.5,0.60242
2890,0.60334
2890.5,0.60315
2891,0.60041
2891.5,0.60182
2892,0.60116
2892.5,0.60273
2893,0.60346
2893.5,0.60417
2894,0.60492
2894.5,0.60217
2895,0.60564
2895.5,0.60435
2896,0.60552
2896.5,0.60887
2897,0.60628
2897.5,0.60671
2898,0.60584
2898.5,0.60779
2899,0.60642
2899.5,0.60526
2900,0.60856
2900.5,0.60727
2901,0.60821
2901.5,0.60487
2902,0.60235
2902.5,0.60555
2903,0.60367
2903.5,0.60588
2904,0.60394
2904.5,0.60283
2905,0.60559
2905.5,0.60358
2906,0.60439
2906.5,0.60324
2907,0.60331
2907.5,0.60341
2908,0.60686
2908.5,0.60039
2909,0.60272
2909.5,0.60253
2910,0.60369
2910.5,0.60306
2911,0.60612
2911.5,0.60448
2912,0.60445
2912.5,0.60669
2913,0.60298
2913.5,0.60476
2914,0.60476
2914.5,0.60357
2915,0.60317
2915.5,0.60662
2916,0.60383
2916.5,0.60394
2917,0.60574
2917.5,0.60411
2918,0.60536
2918.5,0.60567
2919,0.60182
2919.5,0.60346
2920,0.60316
2920.5,0.60332
2921,0.60515
2921.5,0.6041
2922,0.60159
2922.5,0.60295
2923,0.60293
2923.5,0.60206
2924,0.60578
2924.5,0.60654
2925,0.60767
2925.5,0.60636
2926,0.60541
2926.5,0.60709
2927,0.6022
2927.5,0.60631
2928,0.61026
2928.5,0.60634
2929,0.60731
2929.5,0.60698
2930,0.60767
2930.5,0.60942
2931,0.60474
2931.5,0.60851
2932,0.6093
2932.5,0.61215
2933,0.60914
2933.5,0.61011
2934,0.6085
2934.5,0.6068
2935,0.60639
2935.5,0.60957
2936,0.60861
2936.5,0.60616
2937,0.60933
2937.5,0.60575
2938,0.60803
2938.5,0.60808
2939,0.60703
2939.5,0.60712
2940,0.60664
2940.5,0.60747
2941,0.60724
2941.5,0.60818
2942,0.60883
2942.5,0.60898
2943,0.6092
2943.5,0.60976
2944,0.6068
2944.5,0.61016
2945,0.6072
2945.5,0.60769
2946,0.61111
2946.5,0.60551
2947,0.60623
2947.5,0.60979
2948,0.60691
2948.5,0.60821
2949,0.60958
2949.5,0.60949
2950,0.60902
2950.5,0.60849
2951,0.60904
2951.5,0.60627
2952,0.60781
2952.5,0.60584
2953,0.60798
2953.5,0.60674
2954,0.60713
2954.5,0.60704
2955,0.60602
2955.5,0.61143
2956,0.60898
2956.5,0.61265
2957,0.60914
2957.5,0.60738
2958,0.60737
2958.5,0.60857
2959,0.60827
2959.5,0.60844
2960,0.60956
2960.5,0.60714
2961,0.60798
2961.5,0.60844
2962,0.61069
2962.5,0.60964
2963,0.60754
2963.5,0.60894
2964,0.60896
2964.5,0.6094
2965,0.60821
2965.5,0.60947
2966,0.60867
2966.5,0.60974
2967,0.60797
2967.5,0.60845
2968,0.60781
2968.5,0.60837
2969,0.60732
2969.5,0.60883
2970,0.60774
2970.5,0.60718
2971,0.60775
2971.5,0.60905
2972,0.60821
2972.5,0.6086
2973,0.60675
2973.5,0.60543
2974,0.60784
2974.5,0.61046
2975,0.61189
3184,0.56086
3184.5,0.56158
3185,0.56368
3185.5,0.56438
3186,0.56753
3186.5,0.56605
3187,0.56595
3187.5,0.5689
3188,0.56724
3188.5,0.56854
3189,0.5684
3189.5,0.56772
3190,0.5686
3190.5,0.56758
3191,0.57062
3191.5,0.5688
3192,0.57087
3192.5,0.57296
3193,0.57153
3193.5,0.57182
3194,0.57151
3194.5,0.57083
3195,0.57052
3195.5,0.57259
3196,0.57324
3196.5,0.57248
3197,0.57352
3197.5,0.5746
3198,0.57446
3198.5,0.57575
3199,0.57507
3199.5,0.57507
3200,0.57606
3200.5,0.57657
3201,0.57804
3201.5,0.57679
3202,0.57655
3202.5,0.57689
3203,0.57734
3203.5,0.57765
3204,0.57874
3204.5,0.58089
3205,0.58068
3205.5,0.58055
3206,0.57977
3206.5,0.58029
3207,0.58147
3207.5,0.57988
3208,0.58234
3208.5,0.57963
3209,0.58118
3209.5,0.58128
3210,0.57931
3210.5,0.58165
3211,0.58164
3211.5,0.58284
3212,0.58105
3212.5,0.58164
3213,0.58264
3213.5,0.58156
3214,0.58354
3214.5,0.58485
3215,0.58228
3215.5,0.58335
3216,0.58241
3216.5,0.58207
3217,0.58404
3217.5,0.58068
3218,0.58267
3218.5,0.5802
3219,0.58236
3219.5,0.58264
3220,0.584
3220.5,0.58202
3221,0.58289
3221.5,0.58475
3222,0.58458
3222.5,0.58399
3223,0.5848
3223.5,0.58673
3224,0.58583
3224.5,0.58602
3225,0.58596
3225.5,0.58438
3226,0.58628
3226.5,0.58738
3227,0.58866
3227.5,0.58906
3228,0.58912
3228.5,0.58865
3229,0.58706
3229.5,0.58865
3230,0.58792
3230.5,0.58672
3231,0.5866
3231.5,0.58565
3232,0.58786
3232.5,0.58891
3233,0.58994
3233.5,0.58986
3234,0.58834
3234.5,0.59143
3235,0.58942
3235.5,0.59178
3236,0.58992
3236.5,0.58984
3237,0.5904
3237.5,0.59041
3238,0.59177
3238.5,0.59014
3239,0.59111
3239.5,0.58972
3240,0.59125
3240.5,0.5906
3241,0.59075
3241.5,0.59097
3242,0.59012
3242.5,0.59158
3243,0.59031
3243.5,0.59235
3244,0.58966
3244.5,0.59124
3245,0.59142
3245.5,0.5917
3246,0.59286
3246.5,0.59002
3247,0.59115
3247.5,0.58933
3248,0.59214
3248.5,0.59321
3249,0.59228
3249.5,0.59107
3250,0.59168
3250.5,0.59112
3251,0.59268
3251.5,0.59147
3252,0.59068
3252.5,0.59451
3253,0.59418
3253.5,0.59319
3254,0.59305
3254.5,0.59135
3255,0.59296
3255.5,0.59387
3256,0.5923
3256.5,0.59349
3257,0.59133
3257.5,0.59391
3258,0.59222
3258.5,0.59171
3259,0.59411
3259.5,0.59161
3260,0.59315
3260.5,0.59389
3261,0.59225
3261.5,0.59307
3262,0.59308
3262.5,0.59278
3263,0.59326
3263.5,0.59063
3264,0.59301
3264.5,0.59324
3265,0.59535
3265.5,0.59248
3266,0.59441
3266.5,0.59505
3267,0.59485
3267.5,0.59495
3268,0.59302
3268.5,0.59692
3269,0.59412
3269.5,0.59493
3270,0.59252
3270.5,0.59269
3271,0.59397
3271.5,0.59404
3272,0.59347
3272.5,0.59539
3273,0.59369
3273.5,0.59669
3274,0.59756
3274.5,0.59607
3275,0.59938
3275.5,0.59581
3276,0.59559
3276.5,0.59551
3277,0.59353
3277.5,0.59558
3278,0.59442
3278.5,0.59507
3279,0.59419
3279.5,0.59505
3280,0.59506
3280.5,0.59757
3281,0.59874
3281.5,0.59306
3282,0.59633
3282.5,0.59592
3283,0.59484
3283.5,0.59535
3284,0.59472
3284.5,0.59655
3285,0.59502
3285.5,0.59356
3286,0.59658
3286.5,0.59385
3287,0.59708
3287.5,0.59568
3288,0.59507
3288.5,0.59479
3289,0.59691
3289.5,0.59446
3290,0.59323
3290.5,0.59294
3291,0.59431
3291.5,0.59317
3292,0.5955
3292.5,0.59607
3293,0.59722
3293.5,0.59676
3294,0.59709
3294.5,0.59767
3295,0.59574
3295.5,0.59651
3296,0.59908
3296.5,0.59856
3297,0.59587
3297.5,0.5949
3298,0.59489
3298.5,0.59575
3299,0.59601
3299.5,0.59564
3300,0.59371
3300.5,0.59372
3301,0.59911
3301.5,0.59573
3302,0.59838
3302.5,0.59869
3303,0.59684
3303.5,0.59602
3304,0.59723
3304.5,0.59608
3305,0.59465
3305.5,0.59613
3306,0.59477
3306.5,0.59569
3307,0.5939
3307.5,0.59898
3308,0.59745
3308.5,0.59704
3309,0.59896
3309.5,0.59674
3310,0.59479
3310.5,0.59496
3311,0.59587
3311.5,0.59674
3312,0.59702
3312.5,0.5972
3313,0.59338
3313.5,0.59423
3314,0.5968
3314.5,0.59647
3315,0.59715
3315.5,0.59564
3316,0.59592
3316.5,0.59623
3317,0.59646
3317.5,0.59646
3318,0.59647
3318.5,0.59488
3319,0.59475
3319.5,0.59432
3320,0.59588
3320.5,0.60046
3321,0.59746
3321.5,0.59717
3322,0.59741
3322.5,0.59676
3323,0.60182
3323.5,0.5984
3324,0.59975
3324.5,0.60009
3325,0.59767
3325.5,0.59778
3326,0.59644
3326.5,0.59875
3327,0.60008
3327.5,0.60151
3328,0.59986
3328.5,0.59889
3329,0.60254
3329.5,0.5977
3330,0.60175
3330.5,0.59959
3331,0.59932
3331.5,0.60163
3332,0.59966
3332.5,0.60058
3333,0.59766
3333.5,0.60104
3334,0.60073
3334.5,0.6007
3335,0.60076
3335.5,0.59913
3336,0.60107
3336.5,0.60035
3337,0.60172
3337.5,0.60165
3338,0.59988
3338.5,0.60255
3339,0.60056
3339.5,0.60035
3340,0.60242
3340.5,0.60121
3341,0.60109
3341.5,0.60125
3342,0.59888
3342.5,0.60147
3343,0.59736
3343.5,0.59978
3344,0.60028
3344.5,0.59877
3345,0.59887
3345.5,0.59819
3346,0.60009
3346.5,0.59934
3347,0.5982
3347.5,0.59974
3348,0.60018
3348.5,0.59865
3349,0.60065
3349.5,0.60418
3350,0.60106
3350.5,0.59989
3351,0.60107
3351.5,0.60077
3352,0.60028
3352.5,0.60196
3353,0.60042
3353.5,0.60362
3354,0.59907
3354.5,0.60038
3355,0.60069
3355.5,0.60488
3356,0.60079
3356.5,0.59944
3357,0.60217
3357.5,0.59788
3358,0.59965
3358.5,0.5993
3359,0.60038
3359.5,0.59988
3360,0.60086
3360.5,0.59758
3361,0.59956
3361.5,0.60122
3362,0.59901
3362.5,0.59808
3363,0.59597
3363.5,0.59606
3364,0.60056
3364.5,0.59955
3365,0.59665
3365.5,0.59873
3366,0.60112
3366.5,0.59999
3367,0.60051
3367.5,0.60049
3368,0.59979
3368.5,0.60112
3369,0.60112
3369.5,0.5987
3370,0.60201
3370.5,0.59926
3371,0.59881
3371.5,0.59794
3372,0.59852
3372.5,0.60198
3373,0.5991
3582,0.55454
3582.5,0.55383
3583,0.55198
3583.5,0.55582
3584,0.55759
3584.5,0.55692
3585,0.55835
3585.5,0.5605
3586,0.56275
3586.5,0.5622
3587,0.56276
3587.5,0.56419
3588,0.56079
3588.5,0.56176
3589,0.56187
3589.5,0.56315
3590,0.56117
3590.5,0.56201
3591,0.56109
3591.5,0.56232
3592,0.56322
3592.5,0.56155
3593,0.56319
3593.5,0.56287
3594,0.56407
3594.5,0.56365
3595,0.56354
3595.5,0.56493
3596,0.56535
3596.5,0.56536
3597,0.56436
3597.5,0.56381
3598,0.56493
3598.5,0.5652
3599,0.56486
3599.5,0.56521
3600,0.56546
3600.5,0.56641
3601,0.56574
3601.5,0.56834
3602,0.56704
3602.5,0.56979
3603,0.5692
3603.5,0.57035
3604,0.57021
3604.5,0.57108
3605,0.57103
3605.5,0.56958
3606,0.57075
3606.5,0.57036
3607,0.56941
3607.5,0.57174
3608,0.5719
3608.5,0.5735
3609,0.56956
3609.5,0.57118
3610,0.5694
3610.5,0.57089
3611,0.57155
3611.5,0.57194
3612,0.57319
3612.5,0.57247
3613,0.57323
3613.5,0.57206
3614,0.57334
3614.5,0.57167
3615,0.57305
3615.5,0.57179
3616,0.57299
3616.5,0.57292
3617,0.57102
3617.5,0.57336
3618,0.57312
3618.5,0.57195
3619,0.57383
3619.5,0.57256
3620,0.57281
3620.5,0.57339
3621,0.57328
3621.5,0.57393
3622,0.57552
3622.5,0.57406
3623,0.57153
3623.5,0.57375
3624,0.5743
3624.5,0.57268
3625,0.57428
3625.5,0.57536
3626,0.57478
3626.5,0.57625
3627,0.57493
3627.5,0.57748
3628,0.57667
3628.5,0.5755
3629,0.57616
3629.5,0.57499
3630,0.57573
3630.5,0.57363
3631,0.57547
3631.5,0.57512
3632,0.57595
3632.5,0.57664
3633,0.57713
3633.5,0.57584
3634,0.57765
3634.5,0.57647
3635,0.57645
3635.5,0.57797
3636,0.57756
3636.5,0.57605
3637,0.57939
3637.5,0.57807
3638,0.57767
3638.5,0.57693
3639,0.5791
3639.5,0.57709
3640,0.57793
3640.5,0.5807
3641,0.58051
3641.5,0.57914
3642,0.58028
3642.5,0.57624
3643,0.57659
3643.5,0.57869
3644,0.57895
3644.5,0.57885
3645,0.57742
3645.5,0.57872
3646,0.57917
3646.5,0.57955
3647,0.57961
3647.5,0.58143
3648,0.581
3648.5,0.57954
3649,0.58088
3649.5,0.57915
3650,0.58031
3650.5,0.58128
3651,0.57933
3651.5,0.58123
3652,0.57995
3652.5,0.58043
3653,0.58295
3653.5,0.57928
3654,0.58304
3654.5,0.58151
3655,0.57998
3655.5,0.58139
3656,0.57955
3656.5,0.58273
3657,0.58137
3657.5,0.58344
3658,0.58365
3658.5,0.58325
3659,0.58096
3659.5,0.58279
3660,0.58136
3660.5,0.58284
3661,0.58137
3661.5,0.58348
3662,0.58284
3662.5,0.58105
3663,0.58573
3663.5,0.58216
3664,0.58465
3664.5,0.582
3665,0.58097
3665.5,0.58151
3666,0.58142
3666.5,0.58151
3667,0.58246
3667.5,0.58184
3668,0.58352
3668.5,0.58059
3669,0.5817
3669.5,0.58317
3670,0.58036
3670.5,0.58428
3671,0.5827
3671.5,0.58074
3672,0.58241
3672.5,0.58261
3673,0.58509
3673.5,0.58079
3674,0.58266
3674.5,0.58077
3675,0.58121
3675.5,0.58461
3676,0.58045
3676.5,0.58166
3677,0.58003
3677.5,0.58221
3678,0.58208
3678.5,0.5827
3679,0.58251
3679.5,0.58089
3680,0.58231
3680.5,0.58451
3681,0.58507
3681.5,0.58366
3682,0.58127
3682.5,0.58411
3683,0.58453
3683.5,0.58492
3684,0.58356
3684.5,0.58381
3685,0.58327
3685.5,0.58336
3686,0.58191
3686.5,0.58347
3687,0.58501
3687.5,0.58232
3688,0.58298
3688.5,0.58483
3689,0.58549
3689.5,0.58549
3690,0.58532
3690.5,0.58543
3691,0.58616
3691.5,0.58353
3692,0.5869
3692.5,0.58396
3693,0.58612
3693.5,0.58784
3694,0.5869
3694.5,0.58587
3695,0.58611
3695.5,0.58506
3696,0.58673
3696.5,0.586
3697,0.58528
3697.5,0.58705
3698,0.58884
3698.5,0.58942
3699,0.58781
3699.5,0.58821
3700,0.58963
3700.5,0.5918
3701,0.58987
3701.5,0.59212
3702,0.59186
3702.5,0.59071
3703,0.59011
3703.5,0.58643
3704,0.59241
3704.5,0.58872
3705,0.58699
3705.5,0.59091
3706,0.589
3706.5,0.58988
3707,0.58893
3707.5,0.58775
3708,0.58965
3708.5,0.58854
3709,0.58722
3709.5,0.59165
3710,0.59127
3710.5,0.58628
3711,0.59111
3711.5,0.58766
3712,0.58727
3712.5,0.58839
3713,0.58916
3713.5,0.58738
3714,0.58739
3714.5,0.58746
3715,0.58661
3715.5,0.58915
3716,0.58598
3716.5,0.59035
3717,0.58884
3717.5,0.58841
3718,0.58879
3718.5,0.58808
3719,0.59023
3719.5,0.5887
3720,0.58904
3720.5,0.58988
3721,0.59016
3721.5,0.5908
3722,0.59129
3722.5,0.58956
3723,0.59283
3723.5,0.59163
3724,0.59089
3724.5,0.58985
3725,0.58912
3725.5,0.58892
3726,0.58891
3726.5,0.58981
3727,0.58988
3727.5,0.58844
3728,0.58857
3728.5,0.58781
3729,0.59011
3729.5,0.59032
3730,0.58699
3730.5,0.58653
3731,0.58856
3731.5,0.58973
3732,0.5875
3732.5,0.58914
3733,0.58956
3733.5,0.58762
3734,0.58869
3734.5,0.59047
3735,0.58954
3735.5,0.59141
3736,0.59075
3736.5,0.58888
3737,0.59028
3737.5,0.59164
3738,0.58976
3738.5,0.59243
3739,0.59234
3739.5,0.59385
3740,0.59208
3740.5,0.59223
3741,0.59027
3741.5,0.58939
3742,0.5937
3742.5,0.58932
3743,0.59253
3743.5,0.59051
3744,0.59126
3744.5,0.59164
3745,0.59115
3745.5,0.59175
3746,0.59125
3746.5,0.59344
3747,0.58955
3747.5,0.59188
3748,0.59474
3748.5,0.58962
3749,0.59367
3749.5,0.59318
3750,0.59117
3750.5,0.59206
3751,0.59294
3751.5,0.59192
3752,0.59301
3752.5,0.59313
3753,0.59348
3753.5,0.59182
3754,0.591
3754.5,0.59198
3755,0.59352
3755.5,0.59177
3756,0.59082
3756.5,0.59231
3757,0.59126
3757.5,0.59498
3758,0.59332
3758.5,0.59208
3759,0.59331
3759.5,0.59048
3760,0.59463
3760.5,0.59108
3761,0.59349
3761.5,0.59268
3762,0.59468
3762.5,0.59476
3763,0.5921
3763.5,0.59226
3764,0.59208
3764.5,0.59668
3765,0.59148
3765.5,0.59386
3766,0.59005
3766.5,0.59258
3767,0.59065
3767.5,0.59388
3768,0.59174
3768.5,0.59203
3769,0.59238
3769.5,0.59035
3770,0.59191
3770.5,0.59185
3771,0.5925
