"time","current"
0,0.828027892057447
0.5,0.830635606114451
1,0.833945872190696
1.5,0.833410877726513
2,0.835702446953859
2.5,0.838256865307294
3,0.837423533995087
3.5,0.83821820896003
4,0.836920766372942
4.5,0.841982281443223
5,0.840183695563735
5.5,0.84260674683945
6,0.843710272781456
6.5,0.843158803053509
7,0.845416160881451
7.5,0.847065950662002
8,0.844144553064425
8.5,0.845354754960223
9,0.846988811697038
9.5,0.848159825256614
10,0.848379217878036
10.5,0.84820200118888
11,0.850953660311449
11.5,0.849802244674561
12,0.851218618936231
12.5,0.850839472459083
13,0.848489195303472
13.5,0.849069725371817
14,0.851060754397581
14.5,0.850731468697061
15,0.85134401907788
15.5,0.851040625092316
16,0.852024441574122
16.5,0.852832492841011
17,0.85371315272196
17.5,0.854784411968365
18,0.85266593162803
18.5,0.855331280497539
19,0.857032629577068
19.5,0.857628252786459
20,0.857648932644707
20.5,0.85576569776774
21,0.859307324910415
21.5,0.857518450315359
22,0.860049369435131
22.5,0.858340712073153
23,0.857777683240633
23.5,0.858928505026578
24,0.857524151095391
24.5,0.860908647105109
25,0.860601241084279
25.5,0.859450090459217
26,0.860504172268693
26.5,0.861644909183372
27,0.862460523213933
27.5,0.860511529403951
28,0.859435159895109
28.5,0.859826339703005
29,0.86143137026089
29.5,0.862577050287662
30,0.861814632387578
30.5,0.86431728358062
31,0.863528855773876
31.5,0.863179941227448
32,0.864206070250746
32.5,0.864835396949875
33,0.866270291882745
33.5,0.864977757579586
34,0.865771151325514
34.5,0.866516881115267
35,0.866818705051213
35.5,0.867431738696103
36,0.868204302292599
36.5,0.864289843214001
37,0.867029049417083
37.5,0.868073866033521
38,0.867148629887061
38.5,0.869268158914765
39,0.866954079505514
39.5,0.868815020743231
40,0.867981073192079
40.5,0.867995126134197
41,0.867747964924992
41.5,0.867632219379187
42,0.869313648302557
42.5,0.867992860125648
43,0.869470221503324
43.5,0.867510175384042
44,0.867818984073226
44.5,0.869156545413708
45,0.869862990321095
45.5,0.870465740211712
46,0.870773332024157
46.5,0.869694185954003
47,0.871416568756121
47.5,0.870179707552001
48,0.871025344196131
48.5,0.874166060773494
49,0.872596775098184
49.5,0.872255000760373
50,0.873618750899487
50.5,0.872651799166184
51,0.873346776035504
51.5,0.875807293347791
52,0.873802161499313
52.5,0.875213365064515
53,0.87445585932102
53.5,0.874398613623502
54,0.876651190791444
54.5,0.875214489158818
55,0.875574810009448
55.5,0.875572784687663
56,0.875412919093612
56.5,0.8745251458614
57,0.873760023805482
57.5,0.874886995076096
58,0.875016049468621
58.5,0.876393358715707
59,0.876310011175733
59.5,0.875286396033134
60,0.875988874756528
60.5,0.877760477067731
61,0.876870040283331
61.5,0.876898275043848
62,0.878364811676136
62.5,0.875826458710407
63,0.877290061599039
63.5,0.877528100240271
64,0.878016684801699
64.5,0.879218179806283
65,0.876942624014087
65.5,0.878433946747249
66,0.877948685335617
66.5,0.881021538102158
67,0.879351824173837
67.5,0.877843986248036
68,0.880373797945798
68.5,0.876430377331224
69,0.881432860803686
69.5,0.880067871276488
70,0.878501968561155
70.5,0.879966598110108
71,0.881038856445664
71.5,0.879772739606128
72,0.882484339384656
72.5,0.879930916113843
73,0.879635866105478
73.5,0.881329304234497
74,0.882083213385896
74.5,0.882283006118098
75,0.880541596473969
75.5,0.881566222424244
76,0.880353161400887
76.5,0.879820566143315
77,0.881934189430469
77.5,0.881852815121016
78,0.881330241464069
78.5,0.883571184460747
79,0.882383491500254
79.5,0.885791251627974
80,0.884009791047521
80.5,0.883440791162335
81,0.886228978581492
81.5,0.885181179056578
82,0.885810072566848
82.5,0.884562942802488
83,0.884974253758874
83.5,0.888073558094914
84,0.884847403097733
84.5,0.88834382045152
85,0.887363471337378
85.5,0.885603572541888
86,0.887564605897102
86.5,0.88591231894136
87,0.887184915657842
87.5,0.88831215012448
88,0.888168110866843
88.5,0.888732273405147
89,0.887320147704791
89.5,0.887523457150309
90,0.888136958549041
90.5,0.888519970079682
91,0.888491714547525
91.5,0.888545417693559
92,0.889502341253848
92.5,0.889076309632513
93,0.892533735052162
93.5,0.890286755841886
94,0.889489477707647
94.5,0.890354495508627
95,0.890476046069311
95.5,0.889286951576521
96,0.890459793086117
96.5,0.8918313770799
97,0.889475563341134
97.5,0.891340987585226
98,0.89079424878369
98.5,0.892634194830118
99,0.89160054465597
99.5,0.891177290833712
100,0.891344700113662
100.5,0.890746418943834
101,0.889525231747184
101.5,0.891034223678916
102,0.890509916814207
102.5,0.891128248715726
103,0.89250438051223
103.5,0.88826918955681
104,0.888539125475433
104.5,0.893471474186542
105,0.889459636181745
105.5,0.888997951976635
106,0.888037251289136
106.5,0.88913278441781
107,0.89008540366288
107.5,0.893437768106393
108,0.889103702991821
108.5,0.891560354239431
109,0.89332641234002
109.5,0.891234501740056
110,0.893881661455335
110.5,0.890127813657699
111,0.891998114222832
111.5,0.892215493891507
112,0.891503286748329
112.5,0.892308662552129
113,0.894484163307964
113.5,0.892757493191532
114,0.891348419119133
114.5,0.894490347775098
115,0.894080505558271
115.5,0.894925179063759
116,0.893768919524059
116.5,0.894051279308053
117,0.890648645093235
117.5,0.893834669372487
118,0.891589259581729
118.5,0.894516856628223
119,0.894971591235732
119.5,0.891452967586363
120,0.893448280922884
120.5,0.893916412243764
121,0.895822007777215
121.5,0.894078380120166
122,0.896733284829769
122.5,0.895292078270153
123,0.893024842670587
123.5,0.891638199162425
124,0.894559697079679
124.5,0.894901549361982
125,0.894700988074617
125.5,0.893974376723666
126,0.895053807798645
126.5,0.895565975706795
127,0.896047402202921
127.5,0.896436657723965
128,0.896721818000497
128.5,0.895036729142674
129,0.899646018653981
129.5,0.895102692028493
130,0.896072786568853
130.5,0.895623624262433
131,0.895461182683078
131.5,0.898331022471957
132,0.89929100122833
132.5,0.898065440239906
133,0.897812498124411
133.5,0.898793136047218
134,0.898420635623391
134.5,0.894854633169962
135,0.895386504201248
135.5,0.896213862595431
136,0.898895901416723
136.5,0.900035137559291
137,0.900220656727379
137.5,0.901301676083458
138,0.898054782947124
138.5,0.900326755794522
139,0.899197443162376
139.5,0.899222590092509
140,0.90144469415734
140.5,0.899645028594638
141,0.899143692516522
141.5,0.896007886290806
142,0.897551794607923
142.5,0.899837358175537
143,0.898806274189855
143.5,0.895834127260108
144,0.902662922265178
144.5,0.898946583623492
145,0.901114110420818
145.5,0.899261598009737
146,0.899386215139741
146.5,0.902013024246911
147,0.898522485922819
147.5,0.89985308157051
148,0.900826995876825
148.5,0.902685884833367
149,0.902612361847941
149.5,0.901065208662543
150,0.901038599685056
150.5,0.897803718201036
151,0.903911241213596
151.5,0.900904529715351
152,0.902282540088509
152.5,0.898754306684987
153,0.897400672405502
153.5,0.902837757498141
154,0.897969849660154
154.5,0.900337490135729
155,0.901267543556342
155.5,0.899866960852624
156,0.902303513333089
156.5,0.898313321681278
157,0.900302044059836
157.5,0.900157691636023
158,0.900315775235618
158.5,0.899088857170876
159,0.900687087346096
159.5,0.902433264598164
160,0.900929255177651
160.5,0.899875867296593
161,0.90061990079699
161.5,0.901401629178496
162,0.901518676682105
162.5,0.903976296294446
163,0.904030508675739
163.5,0.901616627107112
164,0.904365970319635
164.5,0.900808101491237
165,0.903287311332588
165.5,0.900833515378459
166,0.904677968990835
166.5,0.903712458180638
167,0.901503992523401
167.5,0.900407973190933
168,0.903218798148738
168.5,0.902106232308893
169,0.900007861779852
169.5,0.902052920384119
170,0.90122011641081
170.5,0.903056986066684
171,0.904558515868791
171.5,0.901574440169689
172,0.903291110827326
172.5,0.899070800680773
173,0.9028244759932
173.5,0.903059261696871
174,0.902676306230512
174.5,0.900746108607694
175,0.900184002096634
175.5,0.901928586237358
176,0.902281416369159
176.5,0.901783682631725
177,0.900164912876325
177.5,0.902583377627437
178,0.899530572895841
178.5,0.899072619943209
179,0.90355432608225
179.5,0.901356015754494
180,0.900534490162896
180.5,0.9020727329719
181,0.903904660245328
181.5,0.904704562753146
182,0.903760703979367
182.5,0.901176416550225
183,0.902735031876923
183.5,0.901524692673751
184,0.901049093734937
184.5,0.904228616233855
185,0.906190690676855
185.5,0.902793144049186
186,0.90554330255998
186.5,0.904010379720174
187,0.906850805114783
187.5,0.907303192147283
188,0.905878558011739
188.5,0.908387413350943
189,0.908351929613018
398,0.822857882683432
398.5,0.824068358985757
399,0.824163982672205
399.5,0.827473376206812
400,0.831151785849832
400.5,0.831922973289124
401,0.83086227168157
401.5,0.832136072850782
402,0.835292230160586
402.5,0.833470685484254
403,0.834439599990968
403.5,0.834293875287289
404,0.836069001678099
404.5,0.836752981593394
405,0.838971503176159
405.5,0.835416549372165
406,0.838842917264456
406.5,0.839407587772606
407,0.837420216717468
407.5,0.839640790195578
408,0.839230949911391
408.5,0.840757449391773
409,0.844669685039649
409.5,0.842600057258748
410,0.844909706658517
410.5,0.845238854632148
411,0.843818501992323
411.5,0.844925805630868
412,0.844908921621883
412.5,0.845773600747351
413,0.845330801209763
413.5,0.846689104536386
414,0.846587709257871
414.5,0.847377427330666
415,0.846770170610952
415.5,0.849800274519575
416,0.845700684797277
416.5,0.848265567242725
417,0.849430436569863
417.5,0.848596645965721
418,0.852340990577014
418.5,0.851074464568753
419,0.849997289521753
419.5,0.850570351083184
420,0.851984901403336
420.5,0.852114050372632
421,0.853352336916922
421.5,0.856902115197651
422,0.854399039608546
422.5,0.852903436120317
423,0.854924201103677
423.5,0.855890932685499
424,0.854760959926748
424.5,0.856921135894606
425,0.857781110247493
425.5,0.858196850947522
426,0.857799697947779
426.5,0.857539939752785
427,0.859198905542552
427.5,0.858069900283542
428,0.856190860163794
428.5,0.860364873451907
429,0.857074654603363
429.5,0.859284037341902
430,0.859055622060492
430.5,0.861839839129003
431,0.859996764456275
431.5,0.861429784331828
432,0.859977976328472
432.5,0.862145610668585
433,0.861980039082436
433.5,0.860380258564006
434,0.863151533594074
434.5,0.861576984757043
435,0.860590925719834
435.5,0.860825788604609
436,0.861374511860343
436.5,0.864058390520079
437,0.857283644461378
437.5,0.862765683187234
438,0.859549664244304
438.5,0.862107810850266
439,0.864228241454389
439.5,0.861982689392554
440,0.860887740120556
440.5,0.862928538526901
441,0.862508906186543
441.5,0.862910402927382
442,0.861871704798403
442.5,0.863505799012917
443,0.864043569985123
443.5,0.862548664227541
444,0.862940809344505
444.5,0.862030904076257
445,0.862936850304168
445.5,0.865407943169559
446,0.865180640869282
446.5,0.865654044463639
447,0.865247336592944
447.5,0.864797358425505
448,0.864343995511768
448.5,0.865874668731765
449,0.865704441615832
449.5,0.866895092087653
450,0.863737952475211
450.5,0.864367228239122
451,0.867376476153226
451.5,0.865476615734748
452,0.864699257977159
452.5,0.865455290331279
453,0.867310534189334
453.5,0.867475427303791
454,0.86496625195793
454.5,0.86625614328574
455,0.867537318898225
455.5,0.867344895210635
456,0.868099923260934
456.5,0.867016939858874
457,0.867604747213116
457.5,0.867567821871992
458,0.870002142716588
458.5,0.87014118218963
459,0.87044785035023
459.5,0.872135140947252
460,0.871025134854813
460.5,0.873242289215585
461,0.873007765924385
461.5,0.872916861037355
462,0.874298242701793
462.5,0.873456234794628
463,0.873551440385743
463.5,0.874419062640291
464,0.874609581344321
464.5,0.87464053823135
465,0.875711687582577
465.5,0.87440463583519
466,0.877067607161047
466.5,0.875154083583927
467,0.877167810415481
467.5,0.873184410721279
468,0.875220746025008
468.5,0.873527110024901
469,0.875880469279451
469.5,0.875956887421811
470,0.872698872393412
470.5,0.872762077785429
471,0.872400380527273
471.5,0.875017721380968
472,0.875164895390693
472.5,0.876720996423997
473,0.874771241306092
473.5,0.876951055746127
474,0.87649083849352
474.5,0.875322056026699
475,0.878937329282437
475.5,0.875430410937817
476,0.875524557269106
476.5,0.874254471041365
477,0.876209472628992
477.5,0.878889346214735
478,0.875561824509106
478.5,0.87646935487731
479,0.874874632569822
479.5,0.875645675884199
480,0.875378058673211
480.5,0.873657379489276
481,0.87662704155345
481.5,0.875645727412586
482,0.87595416301355
482.5,0.876252760837613
483,0.876511687332248
483.5,0.877817755959817
484,0.877456120674193
484.5,0.878023328940681
485,0.878571919178982
485.5,0.880159445093996
486,0.878926400380486
486.5,0.879945107680651
487,0.882352031763557
487.5,0.87752623708751
488,0.877909364525713
488.5,0.876175000231269
489,0.879654005966902
489.5,0.880206752557537
490,0.881590755823383
490.5,0.88057581138308
491,0.883149966997061
491.5,0.880118235963942
492,0.881640585207357
492.5,0.880248892860262
493,0.88112498540558
493.5,0.879440875074486
494,0.881993644125166
494.5,0.881853664474566
495,0.884005208853896
495.5,0.883294375032432
496,0.88242104836668
496.5,0.884033515782984
497,0.881282960967224
497.5,0.879208752189895
498,0.88317981967978
498.5,0.880338430132837
499,0.881228964944038
499.5,0.880204648598299
500,0.882420307289301
500.5,0.882253719200436
501,0.87900421045979
501.5,0.879005551913638
502,0.882399484832899
502.5,0.883037321561248
503,0.882483158838977
503.5,0.879619691481649
504,0.882945397067779
504.5,0.882778675660118
505,0.882833473403495
505.5,0.883643002064814
506,0.88242867252178
506.5,0.884529450054777
507,0.881699329854502
507.5,0.88382111208065
508,0.884213497050815
508.5,0.885062123811213
509,0.88638754345156
509.5,0.884549115803627
510,0.885873454686319
510.5,0.884814729390342
511,0.884985394510294
511.5,0.88528338959149
512,0.884872853048612
512.5,0.887019074440792
513,0.885215705894423
513.5,0.883691301569358
514,0.884240425936819
514.5,0.883851835170861
515,0.882783305516375
515.5,0.885817778239857
516,0.883155944595641
516.5,0.885725903839452
517,0.886069666630891
517.5,0.88819494986513
518,0.889137894073636
518.5,0.884726353631242
519,0.887020262319061
519.5,0.889670744659035
520,0.889680264489877
520.5,0.889390940069042
521,0.887909259385523
521.5,0.888135158582647
522,0.88882642354004
522.5,0.889979387924545
523,0.889772536308862
523.5,0.891578314967372
524,0.890337308205966
524.5,0.890092552431958
525,0.890269104325077
525.5,0.890774132147859
526,0.889246409199099
526.5,0.890020108335454
527,0.893076565625421
527.5,0.890342272086065
528,0.891488218060005
528.5,0.891328298859343
529,0.887256048091404
529.5,0.892428564749559
530,0.891350009504554
530.5,0.889768494979157
531,0.890372508822654
531.5,0.888318199364535
532,0.892111591278156
532.5,0.893284607729185
533,0.891174562187958
533.5,0.891163853497759
534,0.893098539089153
534.5,0.89486052567588
535,0.894090765176933
535.5,0.894472108445671
536,0.893251737179187
536.5,0.893120989625737
537,0.890883732904211
537.5,0.893567210712389
538,0.895888146478205
538.5,0.891692793963389
539,0.891070059863706
539.5,0.893899379033317
540,0.892791970519055
540.5,0.89479790422755
541,0.891398144941876
541.5,0.890894593669446
542,0.8954097609871
542.5,0.894232602613916
543,0.895628724932139
543.5,0.891921034684408
544,0.891408050239297
544.5,0.893635493634212
545,0.893827249601481
545.5,0.892304461614375
546,0.894451611301146
546.5,0.894328279210149
547,0.89291728944115
547.5,0.892782107792273
548,0.892210062334052
548.5,0.894772092158235
549,0.895263690493608
549.5,0.896114457185743
550,0.893951212897888
550.5,0.89400928126084
551,0.89231435691045
551.5,0.897349133789801
552,0.897288879581477
552.5,0.896549906486745
553,0.898728724420083
553.5,0.895298913760041
554,0.893598503457437
554.5,0.895485433014123
555,0.898109191375564
555.5,0.895986210951364
556,0.895858649267777
556.5,0.895139983324874
557,0.897579840719039
557.5,0.895194625155277
558,0.898928567769652
558.5,0.896083424481696
559,0.896299683034333
559.5,0.896808447611892
560,0.899436115963808
560.5,0.89727084949311
561,0.897154028093853
561.5,0.898615756192165
562,0.898628054580251
562.5,0.899655503422053
563,0.9001180846889
563.5,0.89645854444054
564,0.897220250931728
564.5,0.896462483388701
565,0.89898647726478
565.5,0.898366719989604
566,0.897600298160549
566.5,0.896030499231571
567,0.900176557243795
567.5,0.899611896308933
568,0.900711925749826
568.5,0.900564667342027
569,0.899717015388686
569.5,0.899971232602854
570,0.900716212155866
570.5,0.902014906162029
571,0.901307650790504
571.5,0.897824495562216
572,0.902893328783659
572.5,0.897230394840899
573,0.900567188884646
573.5,0.899594436715193
574,0.899412359520718
574.5,0.900856375020276
575,0.898138371961679
575.5,0.897827347850867
576,0.899153019692203
576.5,0.897345049377998
577,0.897316097322649
577.5,0.900735773665968
578,0.899043545615171
578.5,0.899718714960502
579,0.898787992859996
579.5,0.897942360680284
580,0.898741095437145
580.5,0.897537445585309
581,0.899675531682568
581.5,0.899255118474353
582,0.899646981470728
582.5,0.897150516171166
583,0.899610300262272
583.5,0.899123134391252
584,0.904386847648149
584.5,0.899176916789368
585,0.898708718159484
585.5,0.897496747857053
586,0.899258352397591
586.5,0.897748545408147
587,0.90101111713027
796,0.815535867573369
796.5,0.817116993094245
797,0.821476310157056
797.5,0.82018788719241
798,0.822573000199331
798.5,0.826709352662486
799,0.824862780799871
799.5,0.8265313768608
800,0.827349891487444
800.5,0.830719052012288
801,0.830184868123254
801.5,0.83190084345484
802,0.834982985416913
802.5,0.834512562754389
803,0.836525892094953
803.5,0.836049389637113
804,0.837310727524762
804.5,0.837056787608915
805,0.838738306920941
805.5,0.838296092989984
806,0.838647766215849
806.5,0.835637483764057
807,0.839614951129969
807.5,0.838965429844479
808,0.837602510726547
808.5,0.841184083809696
809,0.841076795072886
809.5,0.838900394746265
810,0.840765050601595
810.5,0.8408809543018
811,0.84198576374685
811.5,0.843687926570659
812,0.844440863299627
812.5,0.845833984036748
813,0.843914301029469
813.5,0.844976269873839
814,0.841535139136702
814.5,0.843887178670399
815,0.844995624494069
815.5,0.846391853500277
816,0.847232016205146
816.5,0.8436812034963
817,0.847066472644859
817.5,0.844013745905526
818,0.846591520038761
818.5,0.8456594860093
819,0.846392304805092
819.5,0.847234082446739
820,0.846563685867787
820.5,0.847475681336232
821,0.847631415774383
821.5,0.849056930526534
822,0.850465813350515
822.5,0.850621576238903
823,0.849166550885199
823.5,0.849465913192452
824,0.849760631000082
824.5,0.852604995229532
825,0.851528456700842
825.5,0.853897080445689
826,0.852817762316017
826.5,0.852667653863024
827,0.850625882682054
827.5,0.851894537901309
828,0.851617027718281
828.5,0.853152924096811
829,0.85350430500376
829.5,0.853018933088108
830,0.853627957988036
830.5,0.854569541346594
831,0.855025161619839
831.5,0.855885575689131
832,0.85683979409403
832.5,0.854490500174956
833,0.854555311492041
833.5,0.855612760135635
834,0.857453012037156
834.5,0.856439073274192
835,0.856486875938759
835.5,0.858390874827215
836,0.858415337880161
836.5,0.859058509558779
837,0.859228872977768
837.5,0.8576214370145
838,0.858893332941541
838.5,0.857894389459671
839,0.859501337893027
839.5,0.860772290637962
840,0.858530054706092
840.5,0.861784038852799
841,0.861215690939989
841.5,0.861498549079038
842,0.861716415844284
842.5,0.860702203620093
843,0.861921946747684
843.5,0.862608432024306
844,0.861584781626673
844.5,0.863354788583217
845,0.863168071504361
845.5,0.863340183196802
846,0.863997216827123
846.5,0.864113765350235
847,0.864007167826851
847.5,0.86416742160779
848,0.862789710224686
848.5,0.863522957079177
849,0.864329761035674
849.5,0.862507162951837
850,0.86510000286159
850.5,0.864467240156433
851,0.865091041312456
851.5,0.865223252401303
852,0.865424011901876
852.5,0.865433104583303
853,0.863690033099446
853.5,0.867315783161725
854,0.865643592513928
854.5,0.867250599719356
855,0.867609058325825
855.5,0.867700740462133
856,0.866875151477432
856.5,0.865785619877951
857,0.867119366269236
857.5,0.868131275716081
858,0.866754353642493
858.5,0.865660610506594
859,0.866462676429533
859.5,0.869253930137788
860,0.869584629843484
860.5,0.867520988690511
861,0.868247909905278
861.5,0.869787538410629
862,0.868453899810558
862.5,0.869126248710537
863,0.86887814758429
863.5,0.870501899456083
864,0.868921979307701
864.5,0.871053086711551
865,0.868106876941524
865.5,0.867045344096237
866,0.86951155681155
866.5,0.867349989537749
867,0.870311921619611
867.5,0.867967974315039
868,0.871053951086647
868.5,0.871264999012267
869,0.868668970023922
869.5,0.87085996410505
870,0.870852324618148
870.5,0.872059533172978
871,0.869532752249665
871.5,0.871674283810951
872,0.870102473631368
872.5,0.870924336653089
873,0.869712413079582
873.5,0.870792735350153
874,0.872361938690287
874.5,0.873060542506809
875,0.873798396015926
875.5,0.875457245912497
876,0.876218324418179
876.5,0.875237398638524
877,0.874196491829201
877.5,0.872754479095809
878,0.873446710537184
878.5,0.874385231536679
879,0.875082817806512
879.5,0.872968249224036
880,0.872344892972389
880.5,0.871704630878454
881,0.873763606173889
881.5,0.87515071852785
882,0.871759569788368
882.5,0.871087912807428
883,0.873983870947308
883.5,0.875328181340601
884,0.875733372685915
884.5,0.876835968280031
885,0.876655977984581
885.5,0.874354095641842
886,0.874161827093962
886.5,0.875829101693278
887,0.875457888544024
887.5,0.875947838779934
888,0.875619108277728
888.5,0.876038676820379
889,0.878631139053005
889.5,0.87752109981423
890,0.877954960287769
890.5,0.878003926118831
891,0.879310155448964
891.5,0.878158946375398
892,0.875466985252054
892.5,0.875327249457676
893,0.876042167737936
893.5,0.878829419259521
894,0.878944596570937
894.5,0.87663302959367
895,0.880963193232483
895.5,0.878681370976535
896,0.878389200965259
896.5,0.879299943286902
897,0.877457524623261
897.5,0.879201963416346
898,0.878502425360308
898.5,0.877635469713565
899,0.875469881774162
899.5,0.878025916517534
900,0.876071492549658
900.5,0.879060983313636
901,0.879139708497934
901.5,0.877888824063929
902,0.879562220096486
902.5,0.881086948649881
903,0.876946243247209
903.5,0.879737018186677
904,0.879053369697965
904.5,0.88054304586519
905,0.881946854317487
905.5,0.88046157073514
906,0.884120123307996
906.5,0.881844081202056
907,0.878357664576245
907.5,0.88077259930733
908,0.879536165284794
908.5,0.880962778065164
909,0.878500815152445
909.5,0.880226933249768
910,0.879663865630048
910.5,0.880502780892516
911,0.880343283356989
911.5,0.881939618719468
912,0.881729619973032
912.5,0.881042915608432
913,0.880048646311191
913.5,0.880562532688173
914,0.879364567073148
914.5,0.884120119668473
915,0.881210139950246
915.5,0.88053707253195
916,0.881337604466588
916.5,0.881687037960709
917,0.880893578902149
917.5,0.881462473734772
918,0.881453535229796
918.5,0.883036139322574
919,0.883866528037687
919.5,0.881363063347592
920,0.880492788536321
920.5,0.88219440452435
921,0.883306982751583
921.5,0.885249459743552
922,0.885181028214017
922.5,0.882282417397624
923,0.883807823975592
923.5,0.882600594771253
924,0.883823473148853
924.5,0.883785852762405
925,0.88273144547962
925.5,0.885426196909654
926,0.882485308613269
926.5,0.884505977264622
927,0.883714141379242
927.5,0.883911682007745
928,0.885113524368495
928.5,0.881879553737558
929,0.885503950526228
929.5,0.8882221582982
930,0.886809355763228
930.5,0.884640231105522
931,0.887505857460176
931.5,0.88339524001511
932,0.885612148423833
932.5,0.884358686976251
933,0.881936598572889
933.5,0.882869087187204
934,0.884208060613978
934.5,0.883572752482863
935,0.884049858339251
935.5,0.88585297878909
936,0.885060872353546
936.5,0.886292894193387
937,0.884025109685168
937.5,0.882838565277882
938,0.889339816803141
938.5,0.886890662441352
939,0.882570087042556
939.5,0.886419976712064
940,0.88788683725206
940.5,0.889232054436149
941,0.888036168166624
941.5,0.888296927769202
942,0.888637399704912
942.5,0.889003762366658
943,0.887336029598764
943.5,0.88732853157233
944,0.888039714468242
944.5,0.886609720626219
945,0.889719522371739
945.5,0.886512315573572
946,0.887389850518399
946.5,0.887909938328146
947,0.889190546745479
947.5,0.887742941443404
948,0.889836247703296
948.5,0.888568992116755
949,0.89141813651998
949.5,0.89154575586667
950,0.887376169380286
950.5,0.893054929799336
951,0.889421889182856
951.5,0.889998329961138
952,0.887738150839925
952.5,0.890442047365215
953,0.893727745009629
953.5,0.894783397895599
954,0.890837259496169
954.5,0.889965720616933
955,0.894183519911281
955.5,0.891578194322559
956,0.892244424650853
956.5,0.890954446446017
957,0.890515003614163
957.5,0.895072459838912
958,0.890461818299802
958.5,0.891797008842025
959,0.894776276567796
959.5,0.892004574133123
960,0.895710743482871
960.5,0.890689308626178
961,0.89392201156373
961.5,0.893250396685192
962,0.89507401963134
962.5,0.892191694192798
963,0.893639174112531
963.5,0.89099350600284
964,0.894266074447476
964.5,0.89193404624403
965,0.894347506868077
965.5,0.896204247519549
966,0.895287667872991
966.5,0.898476610512041
967,0.896996014459876
967.5,0.895752415017931
968,0.89818868154629
968.5,0.896105301205333
969,0.893840697318446
969.5,0.895412852873093
970,0.895769360558073
970.5,0.895974626015147
971,0.895362948104382
971.5,0.897533945832566
972,0.893124386947241
972.5,0.898334217671619
973,0.893484046462359
973.5,0.895463760297241
974,0.897832674540476
974.5,0.894440264590724
975,0.898977882477573
975.5,0.898627482700616
976,0.893818040571782
976.5,0.897048515528667
977,0.897768387160643
977.5,0.898000604979752
978,0.896858623525417
978.5,0.897150280701871
979,0.895924197901648
979.5,0.897755726540899
980,0.894657660419945
980.5,0.893974998035607
981,0.897269749456987
981.5,0.895713908505485
982,0.899405415018013
982.5,0.892271867007707
983,0.893078446427848
983.5,0.892943315112125
984,0.892885991057203
984.5,0.895705021103336
985,0.89478657822672
1194,0.825397923457258
1194.5,0.82387976460242
1195,0.828251623493542
1195.5,0.828380154473884
1196,0.827703818991165
1196.5,0.828677566756853
1197,0.82781311246054
1197.5,0.830851174245178
1198,0.829608619671644
1198.5,0.832112879140827
1199,0.833127173606268
1199.5,0.833694562184126
1200,0.832374146133585
1200.5,0.833461691502803
1201,0.834091565979926
1201.5,0.834692140488534
1202,0.835021061686813
1202.5,0.835895079483362
1203,0.8374841822203
1203.5,0.83800339054315
1204,0.838322566924235
1204.5,0.836631341272571
1205,0.837908815065408
1205.5,0.838946558844156
1206,0.837660726940261
1206.5,0.839950030171687
1207,0.84027972321465
1207.5,0.839382205286402
1208,0.841580794510688
1208.5,0.841516409553673
1209,0.841083484652606
1209.5,0.841528810742042
1210,0.842398562056114
1210.5,0.844345503163541
1211,0.844912273817299
1211.5,0.845107631295969
1212,0.843690115703555
1212.5,0.843740720701337
1213,0.844484208142763
1213.5,0.846820164413818
1214,0.845626159027338
1214.5,0.84322711631844
1215,0.845272028611138
1215.5,0.846523137396177
1216,0.846062042795439
1216.5,0.848520431402503
1217,0.847682542499643
1217.5,0.848887713915877
1218,0.845546178437995
1218.5,0.847888458137748
1219,0.846994535217199
1219.5,0.847332817976598
1220,0.848227243568785
1220.5,0.847231311209212
1221,0.851933295984653
1221.5,0.850319538252603
1222,0.849293747978723
1222.5,0.85008040404927
1223,0.850455861240179
1223.5,0.851948390932594
1224,0.849768184364713
1224.5,0.851866715230652
1225,0.852688251637737
1225.5,0.853458216720602
1226,0.852218576120147
1226.5,0.854345568907471
1227,0.853200607419812
1227.5,0.851541518952291
1228,0.853844759108835
1228.5,0.853909781207646
1229,0.853680083611958
1229.5,0.854637961783508
1230,0.856245744798381
1230.5,0.854639661350286
1231,0.853138431675797
1231.5,0.856112047823783
1232,0.854319617683345
1232.5,0.856543768072874
1233,0.856121857300785
1233.5,0.8571948941167
1234,0.85821712540201
1234.5,0.856979295450971
1235,0.858394613521677
1235.5,0.857062561377297
1236,0.856452120349874
1236.5,0.859770327230001
1237,0.858686076127419
1237.5,0.85966363948858
1238,0.858348378526291
1238.5,0.859773900984298
1239,0.859948953680213
1239.5,0.860120078407164
1240,0.859491699820903
1240.5,0.857817819389493
1241,0.860332582517402
1241.5,0.859478032301551
1242,0.861677179989842
1242.5,0.861295801373513
1243,0.860352535551688
1243.5,0.860190720084631
1244,0.861613176071724
1244.5,0.861961105571269
1245,0.860641486689247
1245.5,0.862022932980289
1246,0.860802554322145
1246.5,0.86141314960037
1247,0.86087121281252
1247.5,0.863199833094729
1248,0.861929932882506
1248.5,0.863692685880323
1249,0.861509980917088
1249.5,0.861937129688145
1250,0.864323479282414
1250.5,0.863430596458553
1251,0.866161189619634
1251.5,0.864407323244133
1252,0.864103813691172
1252.5,0.864235505184286
1253,0.862849541858869
1253.5,0.865224986705586
1254,0.864441721584278
1254.5,0.862314819847834
1255,0.863285264575362
1255.5,0.862648128439046
1256,0.865395619752699
1256.5,0.865598121675699
1257,0.864570621528828
1257.5,0.866938180107801
1258,0.867767982315093
1258.5,0.866205586868499
1259,0.86813101560087
1259.5,0.867361512480362
1260,0.867349357065379
1260.5,0.869396160280617
1261,0.86988798555999
1261.5,0.869617553999323
1262,0.868898434004801
1262.5,0.868063105035356
1263,0.868904790085443
1263.5,0.869776178992337
1264,0.868856837439045
1264.5,0.868138926093533
1265,0.868729326501121
1265.5,0.870208465699056
1266,0.869604282938853
1266.5,0.869063455141659
1267,0.868784861238355
1267.5,0.87050918525675
1268,0.870939389403081
1268.5,0.872260969235243
1269,0.872225526267023
1269.5,0.869719623748307
1270,0.869170762253305
1270.5,0.868968743512779
1271,0.872685598656102
1271.5,0.871276109192384
1272,0.871807786868628
1272.5,0.872896006884794
1273,0.87295749690937
1273.5,0.871669196033834
1274,0.87061342512031
1274.5,0.872255696900885
1275,0.870790917697525
1275.5,0.871678500907282
1276,0.872154298787757
1276.5,0.875374622967737
1277,0.875685178564952
1277.5,0.873284422647342
1278,0.872857915101062
1278.5,0.873362832694151
1279,0.872886605965252
1279.5,0.872832759317315
1280,0.871568394545243
1280.5,0.873366125507141
1281,0.876234452412466
1281.5,0.873812790668857
1282,0.875343351326209
1282.5,0.876673845270107
1283,0.873384254073637
1283.5,0.872698042154199
1284,0.875961252480349
1284.5,0.873594860943625
1285,0.874534770539844
1285.5,0.874216598116843
1286,0.875050311372192
1286.5,0.877592386543068
1287,0.876002345853002
1287.5,0.876337284362531
1288,0.874406068260163
1288.5,0.877019931465734
1289,0.87862199689427
1289.5,0.875521107522821
1290,0.87364804051961
1290.5,0.876132594884321
1291,0.875952727563566
1291.5,0.875783234819757
1292,0.874183431115595
1292.5,0.87755483939724
1293,0.877221859909475
1293.5,0.875080323770928
1294,0.876443360531221
1294.5,0.875979230550052
1295,0.87675967054909
1295.5,0.873392604018124
1296,0.877915556026292
1296.5,0.875803874381267
1297,0.879383150260462
1297.5,0.879498301300838
1298,0.876335229399549
1298.5,0.877041025967963
1299,0.874115885807942
1299.5,0.877205806533504
1300,0.875105271550816
1300.5,0.879093698841164
1301,0.878596723042167
1301.5,0.876435832261489
1302,0.877129291443351
1302.5,0.878087891497922
1303,0.875613286980165
1303.5,0.879955845511753
1304,0.880378799783248
1304.5,0.878321941048973
1305,0.876821801704419
1305.5,0.879117940310412
1306,0.882483019800416
1306.5,0.879152750192941
1307,0.88159580057656
1307.5,0.87865570981223
1308,0.876553394696429
1308.5,0.881914338232644
1309,0.880865680139598
1309.5,0.881382788275875
1310,0.87867275709814
1310.5,0.880392234885358
1311,0.877075449552623
1311.5,0.878842869877661
1312,0.879972787272386
1312.5,0.876775781983243
1313,0.87882453842844
1313.5,0.879862702009263
1314,0.878692943191254
1314.5,0.878131691306878
1315,0.878184783741584
1315.5,0.879670118773823
1316,0.879080561180651
1316.5,0.878856363070683
1317,0.87741362327996
1317.5,0.877484882341403
1318,0.878203650341087
1318.5,0.880453539924384
1319,0.88146038723194
1319.5,0.877885703111557
1320,0.877367728260989
1320.5,0.877899127769612
1321,0.881226180986372
1321.5,0.879920554077953
1322,0.880455547392379
1322.5,0.880038609449648
1323,0.88042653082856
1323.5,0.880646353908735
1324,0.883723165109894
1324.5,0.881512080175387
1325,0.882562960047783
1325.5,0.879479403029885
1326,0.88137986882769
1326.5,0.881616574837882
1327,0.881466674604448
1327.5,0.881994705826266
1328,0.881008788221431
1328.5,0.882104875028906
1329,0.88194622444623
1329.5,0.883213898211483
1330,0.883399219944763
1330.5,0.882395195871981
1331,0.884520526133229
1331.5,0.884228603238955
1332,0.884311274444896
1332.5,0.882922974537488
1333,0.882711945620686
1333.5,0.883794113627063
1334,0.887485797883208
1334.5,0.88495576773644
1335,0.886155206253199
1335.5,0.883127970707154
1336,0.88449603319295
1336.5,0.88571356195951
1337,0.883486786484372
1337.5,0.882345279971223
1338,0.885356570017568
1338.5,0.887332645072112
1339,0.888054645302882
1339.5,0.886626217918039
1340,0.889290136055864
1340.5,0.889593874684039
1341,0.888852142884239
1341.5,0.890300572262247
1342,0.889770805441129
1342.5,0.889908342332392
1343,0.888061610448507
1343.5,0.890642005526654
1344,0.890170783325183
1344.5,0.891243736557993
1345,0.89225111646312
1345.5,0.891321085857505
1346,0.89251634119234
1346.5,0.892104125243127
1347,0.889425978220708
1347.5,0.892292336527244
1348,0.889087797199902
1348.5,0.892963076077874
1349,0.891000259189256
1349.5,0.893574827465615
1350,0.887303087380832
1350.5,0.890398159844464
1351,0.889817836423766
1351.5,0.89255814035312
1352,0.892671775680991
1352.5,0.892487915320488
1353,0.889958295883424
1353.5,0.889563561817258
1354,0.893615548903498
1354.5,0.892062016296267
1355,0.889405818613421
1355.5,0.891444005104734
1356,0.890420997081496
1356.5,0.892181072908738
1357,0.891731584736848
1357.5,0.891253736800786
1358,0.89113912992224
1358.5,0.888507972783146
1359,0.891554246419405
1359.5,0.890994425456839
1360,0.889826507747176
1360.5,0.888610324058177
1361,0.889792720066584
1361.5,0.889004934690106
1362,0.89108790680984
1362.5,0.890320351681902
1363,0.891818203176369
1363.5,0.890173186580158
1364,0.891548858616087
1364.5,0.89168835172579
1365,0.890810858079036
1365.5,0.891332756163687
1366,0.892245450527958
1366.5,0.891415721381657
1367,0.892282575239778
1367.5,0.893643264173953
1368,0.88844809650996
1368.5,0.892311634927764
1369,0.891120072992137
1369.5,0.891864729101214
1370,0.890042247277278
1370.5,0.892232452894654
1371,0.890481382758763
1371.5,0.892341517194286
1372,0.892445675602272
1372.5,0.886830607876786
1373,0.892292322427512
1373.5,0.890327585701917
1374,0.896154441471906
1374.5,0.893176988798715
1375,0.89239351868225
1375.5,0.892848699387238
1376,0.89145597755481
1376.5,0.893375811917841
1377,0.889853028489276
1377.5,0.895130453740188
1378,0.895488879118174
1378.5,0.890947130715006
1379,0.895378929091126
1379.5,0.893781680058957
1380,0.892597117828807
1380.5,0.891989502364368
1381,0.890112317056163
1381.5,0.889616921610155
1382,0.895329657924968
1382.5,0.893612309725018
1383,0.895176673431955
1592,0.82480308077495
1592.5,0.823587473664702
1593,0.825525354408677
1593.5,0.825574206244164
1594,0.829434998064305
1594.5,0.828391051023298
1595,0.828528452306117
1595.5,0.82980591017647
1596,0.831324564816514
1596.5,0.832574590181173
1597,0.832790926936278
1597.5,0.832969931647727
1598,0.834714588172693
1598.5,0.83477209479978
1599,0.835350106777916
1599.5,0.836072273224025
1600,0.835850412260365
1600.5,0.836512762266073
1601,0.836284301251149
1601.5,0.835526324621511
1602,0.83647949379099
1602.5,0.836459227306999
1603,0.839117869960168
1603.5,0.835436463519385
1604,0.835996734529504
1604.5,0.838857105883253
1605,0.839475244536959
1605.5,0.839416831211888
1606,0.838475044816106
1606.5,0.840482302981232
1607,0.839412135985831
1607.5,0.840678580572834
1608,0.841354589826822
1608.5,0.84382853512376
1609,0.841167723820651
1609.5,0.845574634766154
1610,0.844957484408122
1610.5,0.843921364740926
1611,0.845177455255083
1611.5,0.845998816509639
1612,0.845215067108003
1612.5,0.845364544138214
1613,0.846037215140667
1613.5,0.844263781823365
1614,0.845035809212477
1614.5,0.846850214001079
1615,0.846696753690126
1615.5,0.849135660008192
1616,0.848091349125164
1616.5,0.848864188917983
1617,0.848847829466663
1617.5,0.8481218530127
1618,0.84828303385326
1618.5,0.846921106486171
1619,0.849555151284915
1619.5,0.849988845724089
1620,0.849099636267072
1620.5,0.849914179275378
1621,0.850653853644399
1621.5,0.849794422564568
1622,0.851034847922338
1622.5,0.85101039592177
1623,0.849410628531255
1623.5,0.851767106169772
1624,0.849891689844164
1624.5,0.850726896997514
1625,0.851042253620358
1625.5,0.850321358345766
1626,0.852397163581795
1626.5,0.853360168126672
1627,0.853998882292858
1627.5,0.852069941386605
1628,0.855021607464048
1628.5,0.852376509549587
1629,0.853787902664428
1629.5,0.854160157705784
1630,0.854721607820328
1630.5,0.854488793629352
1631,0.854072767759395
1631.5,0.855537121624425
1632,0.85637038908156
1632.5,0.854589482828688
1633,0.855742811021604
1633.5,0.855440385521935
1634,0.854451181509213
1634.5,0.85550988056992
1635,0.857921724853321
1635.5,0.853500905267639
1636,0.856737921902668
1636.5,0.855125161451169
1637,0.858074442443366
1637.5,0.857176433423131
1638,0.856664472178806
1638.5,0.856803912983048
1639,0.858105469005481
1639.5,0.855242496530593
1640,0.856849760893928
1640.5,0.855365284812651
1641,0.856766583492152
1641.5,0.856413927242562
1642,0.857144323011429
1642.5,0.859230059745483
1643,0.857685500794252
1643.5,0.860280758875659
1644,0.861565235578275
1644.5,0.857699530324798
1645,0.861908027903425
1645.5,0.859886242327349
1646,0.860175189820299
1646.5,0.862005122264244
1647,0.862132182258225
1647.5,0.861939853423324
1648,0.863065652196767
1648.5,0.861725870584972
1649,0.860732378092042
1649.5,0.861927467850316
1650,0.862306578420124
1650.5,0.861003271456724
1651,0.862790092406486
1651.5,0.862644666975676
1652,0.863525269839595
1652.5,0.862225113738348
1653,0.862988462185141
1653.5,0.861642667730347
1654,0.862716763095951
1654.5,0.861901932839652
1655,0.863005626099089
1655.5,0.862557487254859
1656,0.862922168945822
1656.5,0.861495357900923
1657,0.863536507183123
1657.5,0.862166256883031
1658,0.864444538786472
1658.5,0.864714953597002
1659,0.865816631214801
1659.5,0.86672333207994
1660,0.867720660178451
1660.5,0.865648446083411
1661,0.867442776878899
1661.5,0.865110315853518
1662,0.865389149037733
1662.5,0.867459135651284
1663,0.868363494011176
1663.5,0.867883546457131
1664,0.8668504227275
1664.5,0.867502585904147
1665,0.865084045633984
1665.5,0.868131532290325
1666,0.868458921888958
1666.5,0.867285240588157
1667,0.866117285234977
1667.5,0.865385339253415
1668,0.867778386109265
1668.5,0.868044501048693
1669,0.867345678606725
1669.5,0.866241433884628
1670,0.868509100977096
1670.5,0.86914721694116
1671,0.867928427265341
1671.5,0.872113729533659
1672,0.868271538108543
1672.5,0.871317865483605
1673,0.867504984554139
1673.5,0.867091108349712
1674,0.870653165311269
1674.5,0.871548542044867
1675,0.869258611644522
1675.5,0.870994076413874
1676,0.869555242911807
1676.5,0.87205094057055
1677,0.868916872969617
1677.5,0.869467921885715
1678,0.869622321431781
1678.5,0.871070087213187
1679,0.872082170991016
1679.5,0.870736790243223
1680,0.871023189994728
1680.5,0.870033174005544
1681,0.873213921260606
1681.5,0.872321300240586
1682,0.871403906675738
1682.5,0.872961074415757
1683,0.873401848503049
1683.5,0.872098004078336
1684,0.873982385272654
1684.5,0.873249209791288
1685,0.873346233390085
1685.5,0.873152360150909
1686,0.870949385111836
1686.5,0.872534257042278
1687,0.872237422545915
1687.5,0.873864013474375
1688,0.873263253001127
1688.5,0.872850759804063
1689,0.876108957023758
1689.5,0.873736609254737
1690,0.873630090699444
1690.5,0.873889771199653
1691,0.875680371118085
1691.5,0.873284841741607
1692,0.877449035650484
1692.5,0.874174404333805
1693,0.875197342534651
1693.5,0.876302051031323
1694,0.875457074151015
1694.5,0.876192944830428
1695,0.875737776275859
1695.5,0.876908197188027
1696,0.874031581895346
1696.5,0.87617645485565
1697,0.875980932592302
1697.5,0.877713369960588
1698,0.877577924502252
1698.5,0.87659176138956
1699,0.878036587871051
1699.5,0.876914778123649
1700,0.873382181304848
1700.5,0.873650526429969
1701,0.876655381740084
1701.5,0.877811184669807
1702,0.876068988057078
1702.5,0.877700542540412
1703,0.874477902127791
1703.5,0.875999067416188
1704,0.874052626914118
1704.5,0.877149796196039
1705,0.876919969630685
1705.5,0.876184976009909
1706,0.877494151521033
1706.5,0.878254200415533
1707,0.878626966958692
1707.5,0.87734457041893
1708,0.877527139919826
1708.5,0.878949456230149
1709,0.878114998401297
1709.5,0.87607573373988
1710,0.875084931951644
1710.5,0.87615635619317
1711,0.876893205923322
1711.5,0.876967863643697
1712,0.875090922586187
1712.5,0.874493575079651
1713,0.875420508110477
1713.5,0.876439395919205
1714,0.880289376605196
1714.5,0.879097782113162
1715,0.878615484395426
1715.5,0.878340473997654
1716,0.879580575845232
1716.5,0.879622759161681
1717,0.881022567817869
1717.5,0.880157136357652
1718,0.879040550114703
1718.5,0.878487775783268
1719,0.878699636188092
1719.5,0.8791754288318
1720,0.879355297894412
1720.5,0.877347187628571
1721,0.878223749139119
1721.5,0.880443068546113
1722,0.880468782336028
1722.5,0.879945048219908
1723,0.880386193191367
1723.5,0.881208744516844
1724,0.882120369139853
1724.5,0.880273282130235
1725,0.878100143936822
1725.5,0.87808750026257
1726,0.880268460186336
1726.5,0.879172986529578
1727,0.878774854136333
1727.5,0.877460500548916
1728,0.877199603621188
1728.5,0.878264352856125
1729,0.877893192036877
1729.5,0.876093395241577
1730,0.876089398351231
1730.5,0.879224227117746
1731,0.877278124942564
1731.5,0.879951628761155
1732,0.87974011596877
1732.5,0.87573171085895
1733,0.87905002760583
1733.5,0.882061724792041
1734,0.88081979454561
1734.5,0.885043081055688
1735,0.880588877944985
1735.5,0.882532099095215
1736,0.882661537912275
1736.5,0.884034101922577
1737,0.882208713422664
1737.5,0.882271558281093
1738,0.884443219330689
1738.5,0.882984336605467
1739,0.881515233707169
1739.5,0.883065474024454
1740,0.881651383878569
1740.5,0.884255182500344
1741,0.885553281162374
1741.5,0.88447643187017
1742,0.885495397156431
1742.5,0.884820462447405
1743,0.885126137901439
1743.5,0.8870164108761
1744,0.886861042452715
1744.5,0.886822251702948
1745,0.885067488892704
1745.5,0.886493249827934
1746,0.886036670862564
1746.5,0.886757745954313
1747,0.886941817630815
1747.5,0.885103428202819
1748,0.884463532559621
1748.5,0.886014735335346
1749,0.890089482935214
1749.5,0.888971256399366
1750,0.889579610399905
1750.5,0.889532355917679
1751,0.888401774613689
1751.5,0.88637834569291
1752,0.888284890022588
1752.5,0.8861773411394
1753,0.887053586657368
1753.5,0.886902417474498
1754,0.885405617238065
1754.5,0.885767131277705
1755,0.886207874535871
1755.5,0.887758709673994
1756,0.888817400183971
1756.5,0.885593604637909
1757,0.88657369373222
1757.5,0.884244245863492
1758,0.884491718958092
1758.5,0.88471850001646
1759,0.884840068247383
1759.5,0.882727511783927
1760,0.884795542221695
1760.5,0.884828500671104
1761,0.885463707754248
1761.5,0.885796843990291
1762,0.883158979435651
1762.5,0.885059978172953
1763,0.887373078462799
1763.5,0.884186683128499
1764,0.887367141256296
1764.5,0.889246629850983
1765,0.885276007856246
1765.5,0.88665406775161
1766,0.882598297962543
1766.5,0.888047449330219
1767,0.883836709029737
1767.5,0.891149702730234
1768,0.885486029319125
1768.5,0.885776671862466
1769,0.884802132364957
1769.5,0.885920223832537
1770,0.889134732625824
1770.5,0.888717492191892
1771,0.88565735698412
1771.5,0.886615263960349
1772,0.886789174782551
1772.5,0.88965513283346
1773,0.887204290337234
1773.5,0.890179825757289
1774,0.887013677132299
1774.5,0.886040644237512
1775,0.887196167432811
1775.5,0.887404109447165
1776,0.886935474839004
1776.5,0.889029060692628
1777,0.889029635970414
1777.5,0.892217436505823
1778,0.89350177116619
1778.5,0.890413749035626
1779,0.892377097678071
1779.5,0.890038649433476
1780,0.889132478824168
1780.5,0.889880948764965
1781,0.888326989935859
1990,0.818460398401762
1990.5,0.819519857852309
1991,0.820745014230863
1991.5,0.824539491566737
1992,0.827977634397914
1992.5,0.826991624995801
1993,0.827467889602743
1993.5,0.827621457149062
1994,0.829950647113365
1994.5,0.834273712784749
1995,0.832064470017318
1995.5,0.832942003497918
1996,0.834617258655758
1996.5,0.834804510845871
1997,0.83550762960968
1997.5,0.837233439991835
1998,0.835640392034661
1998.5,0.838042129202812
1999,0.838120659595651
1999.5,0.835542378143744
2000,0.837581583063479
2000.5,0.838283131049661
2001,0.837957013051733
2001.5,0.838471977625473
2002,0.839756632538002
2002.5,0.839474956455146
2003,0.839269052878859
2003.5,0.840157155268551
2004,0.840111945531429
2004.5,0.841335904585429
2005,0.84097710306649
2005.5,0.842255142426815
2006,0.841777819790999
2006.5,0.842221866249312
2007,0.844036149719077
2007.5,0.844978321235851
2008,0.843087428245429
2008.5,0.84459567995234
2009,0.844726815269406
2009.5,0.846106234983749
2010,0.846682281338071
2010.5,0.845507702394889
2011,0.847120313708501
2011.5,0.846710326485879
2012,0.846953729766132
2012.5,0.850001633001448
2013,0.847431969460572
2013.5,0.850326934541668
2014,0.849324298068022
2014.5,0.848017428568146
2015,0.849190779602615
2015.5,0.849760493807394
2016,0.849193976525596
2016.5,0.850904302241917
2017,0.851213739307694
2017.5,0.850637977483535
2018,0.849091486032217
2018.5,0.851713199433655
2019,0.853540321936548
2019.5,0.852298831067
2020,0.849014736595176
2020.5,0.852572222151544
2021,0.850870100842119
2021.5,0.848864724442358
2022,0.850229479468006
2022.5,0.851470487513048
2023,0.851883921032044
2023.5,0.851919876602861
2024,0.849414206319944
2024.5,0.854112026058383
2025,0.853364981471959
2025.5,0.852404511610966
2026,0.854429946099809
2026.5,0.852490198200936
2027,0.852981800462465
2027.5,0.85518731057253
2028,0.852715377604705
2028.5,0.853248175049916
2029,0.853505239951545
2029.5,0.853767968886587
2030,0.856449229830077
2030.5,0.854254485788815
2031,0.854715425464847
2031.5,0.856125614265284
2032,0.855391473319994
2032.5,0.854835849622737
2033,0.8562122028652
2033.5,0.856066472855487
2034,0.854799835865201
2034.5,0.855465318930445
2035,0.858232417960321
2035.5,0.858941311036413
2036,0.860705084768432
2036.5,0.859495637117816
2037,0.859211450982042
2037.5,0.85820025089048
2038,0.860141320258228
2038.5,0.861441769512875
2039,0.859821734780891
2039.5,0.860257696533808
2040,0.857817105887798
2040.5,0.860848956013506
2041,0.859703102483629
2041.5,0.861664438388289
2042,0.85956324332551
2042.5,0.861099960456314
2043,0.860892177180252
2043.5,0.861763506912208
2044,0.861432804497754
2044.5,0.861569459365041
2045,0.862723145522303
2045.5,0.861079708979779
2046,0.861480038369493
2046.5,0.862088420966603
2047,0.860599152287835
2047.5,0.862588356385814
2048,0.861038244678559
2048.5,0.861690529254679
2049,0.861975644419177
2049.5,0.86339843571945
2050,0.860605257201006
2050.5,0.861540885206018
2051,0.86322959429119
2051.5,0.864112092780607
2052,0.865028288164367
2052.5,0.863791858170911
2053,0.866492926595277
2053.5,0.866030338392108
2054,0.868087707047419
2054.5,0.866610869981129
2055,0.867647485109402
2055.5,0.867656420786189
2056,0.869473296500285
2056.5,0.869294806935131
2057,0.86939352573988
2057.5,0.867844938422254
2058,0.868862837546629
2058.5,0.867730875812146
2059,0.867541830628307
2059.5,0.867182990755517
2060,0.867476961664835
2060.5,0.868177647943597
2061,0.870127165576261
2061.5,0.86935360117684
2062,0.868255601108319
2062.5,0.868525919358534
2063,0.867772354140813
2063.5,0.867806616718785
2064,0.869077086453836
2064.5,0.867828000517359
2065,0.868162912307483
2065.5,0.865720560813676
2066,0.864411558501226
2066.5,0.867876924616619
2067,0.866872704689972
2067.5,0.866936006444383
2068,0.867595556509933
2068.5,0.867878020417218
2069,0.868712365449011
2069.5,0.869726157657714
2070,0.867436734076681
2070.5,0.870627296996386
2071,0.869658759752573
2071.5,0.870147140383882
2072,0.867205452945207
2072.5,0.869412565272578
2073,0.872519967449138
2073.5,0.870954457182837
2074,0.872565453188331
2074.5,0.870412789044437
2075,0.873742731079924
2075.5,0.873910095797182
2076,0.871586153493546
2076.5,0.871944816097894
2077,0.874275907227949
2077.5,0.871303660038737
2078,0.872802883795865
2078.5,0.87322228256664
2079,0.874590076564617
2079.5,0.874468798845732
2080,0.874635714723303
2080.5,0.875243135549217
2081,0.875344650849294
2081.5,0.877358525718753
2082,0.87706551311177
2082.5,0.875333391427223
2083,0.875962474052054
2083.5,0.875515846518526
2084,0.874242476868293
2084.5,0.873666884687767
2085,0.873923600929863
2085.5,0.876110714010306
2086,0.876433004352346
2086.5,0.87457045417978
2087,0.877513963570725
2087.5,0.87603451838275
2088,0.877133803762699
2088.5,0.875529243645825
2089,0.874796453067709
2089.5,0.874988969344285
2090,0.87742367430632
2090.5,0.876454350545612
2091,0.875891127496079
2091.5,0.876478710904298
2092,0.875948841780471
2092.5,0.875195179537362
2093,0.877146978468387
2093.5,0.875175031831617
2094,0.875564052627101
2094.5,0.880265221839731
2095,0.879586288602719
2095.5,0.877617740348147
2096,0.877842726959619
2096.5,0.875696022598697
2097,0.877485628559463
2097.5,0.877741444854471
2098,0.878197759409422
2098.5,0.878036661796676
2099,0.877199929030837
2099.5,0.877406007807415
2100,0.878187864025399
2100.5,0.879134908855201
2101,0.875561459719793
2101.5,0.877000297731646
2102,0.879387521945321
2102.5,0.876414159728685
2103,0.879727780155953
2103.5,0.8752545551155
2104,0.876609597228041
2104.5,0.878999412084957
2105,0.877585626475986
2105.5,0.877691392486221
2106,0.878744684648144
2106.5,0.879021924773527
2107,0.877497057197937
2107.5,0.882683553500974
2108,0.877136390935286
2108.5,0.878434708021564
2109,0.879094119165066
2109.5,0.881486087350207
2110,0.882942256651296
2110.5,0.881728726079793
2111,0.882287045420288
2111.5,0.880167935733914
2112,0.880612971181918
2112.5,0.881710178803685
2113,0.880680137746731
2113.5,0.880135057542498
2114,0.878026689255259
2114.5,0.880728184926963
2115,0.881352215721088
2115.5,0.879817704871838
2116,0.881490376337435
2116.5,0.879971638733334
2117,0.881170975602689
2117.5,0.882702993278282
2118,0.880105362409718
2118.5,0.879875826170677
2119,0.876695145923811
2119.5,0.883556174363128
2120,0.882819755231813
2120.5,0.881445547892447
2121,0.880854280772944
2121.5,0.883432615273067
2122,0.880587212107209
2122.5,0.884258337227522
2123,0.880552925746897
2123.5,0.883806510001988
2124,0.883603563755984
2124.5,0.883670385807541
2125,0.882756019838674
2125.5,0.884583416863352
2126,0.884113709399929
2126.5,0.884743048962024
2127,0.88515876956934
2127.5,0.883729326680717
2128,0.884137891179528
2128.5,0.882189827121428
2129,0.883324706114051
2129.5,0.885635889091255
2130,0.885464883373619
2130.5,0.886154210213047
2131,0.882579888324776
2131.5,0.88450884790095
2132,0.883820943375374
2132.5,0.884270007654292
2133,0.884283827484431
2133.5,0.880969242347013
2134,0.886432641158048
2134.5,0.887702020156235
2135,0.882743201194769
2135.5,0.884355595891431
2136,0.884991655830447
2136.5,0.888327752879146
2137,0.887746245122829
2137.5,0.887344588427048
2138,0.886824141349402
2138.5,0.887681206142664
2139,0.887460006066682
2139.5,0.886106163708987
2140,0.885367209399496
2140.5,0.885773382839139
2141,0.887082091376401
2141.5,0.887461379153497
2142,0.891341006981971
2142.5,0.886567592340597
2143,0.885785186771856
2143.5,0.887492835913839
2144,0.888034225271874
2144.5,0.887653341443055
2145,0.89051345998898
2145.5,0.887765651856976
2146,0.887269646340286
2146.5,0.88764798322285
2147,0.888480561728353
2147.5,0.890157428917894
2148,0.889193639722107
2148.5,0.88946208450666
2149,0.889166623059198
2149.5,0.889680475305332
2150,0.890854698450617
2150.5,0.891791488139296
2151,0.890655097425187
2151.5,0.890977700501563
2152,0.890172299633317
2152.5,0.890105523612307
2153,0.891605270660851
2153.5,0.888613724062296
2154,0.889180635863459
2154.5,0.887365104495299
2155,0.889252409331587
2155.5,0.885913463318782
2156,0.888440765218016
2156.5,0.888515482715441
2157,0.88999721788888
2157.5,0.887385763738255
2158,0.889315326596789
2158.5,0.890961468282333
2159,0.88657256862238
2159.5,0.887130885143014
2160,0.888716964955594
2160.5,0.888667915339711
2161,0.888351844114674
2161.5,0.888031715927494
2162,0.890500280853945
2162.5,0.891102613931116
2163,0.887816366181527
2163.5,0.889952855436533
2164,0.890538782500954
2164.5,0.890779884523676
2165,0.887720095260832
2165.5,0.887512847158142
2166,0.889003742763877
2166.5,0.886586698161393
2167,0.889372829894719
2167.5,0.885498996563344
2168,0.889123985888234
2168.5,0.88538531557789
2169,0.88724354388885
2169.5,0.885554059749536
2170,0.887845303155255
2170.5,0.886650684362337
2171,0.885279664119002
2171.5,0.8872532193697
2172,0.88840207340106
2172.5,0.88650353219625
2173,0.888970070950701
2173.5,0.887676702267652
2174,0.889821120940311
2174.5,0.888465616142877
2175,0.889766360107953
2175.5,0.891262934124943
2176,0.890436388803239
2176.5,0.884714376554493
2177,0.88872526523551
2177.5,0.891869499234301
2178,0.890763223057701
2178.5,0.88786069162878
2179,0.892344682582457
2388,0.81901811984889
2388.5,0.821300203944712
2389,0.82090266306722
2389.5,0.823427786430905
2390,0.824981444936986
2390.5,0.824552383856104
2391,0.823989667768476
2391.5,0.825910864231359
2392,0.827471349950439
2392.5,0.833230586242641
2393,0.828572867850288
2393.5,0.832595259829927
2394,0.834340547412734
2394.5,0.832232638549699
2395,0.835862493666737
2395.5,0.836326662872775
2396,0.835344660320787
2396.5,0.836629632272638
2397,0.834299339126689
2397.5,0.835314787969645
2398,0.836364681778682
2398.5,0.83889750680765
2399,0.837786255946159
2399.5,0.840047792428983
2400,0.839955898733361
2400.5,0.839775010006344
2401,0.839642517297222
2401.5,0.839359546861969
2402,0.841108486268264
2402.5,0.840756666348328
2403,0.840160253135128
2403.5,0.841393611090049
2404,0.843058818655897
2404.5,0.841837499271564
2405,0.840340048568268
2405.5,0.845704200066419
2406,0.84306770785353
2406.5,0.842862952608625
2407,0.845097495544983
2407.5,0.845832475786806
2408,0.845011550590675
2408.5,0.846550255352528
2409,0.849017240784688
2409.5,0.847718216948052
2410,0.847836001041714
2410.5,0.84710876658315
2411,0.847542806547195
2411.5,0.850787360405213
2412,0.850412291809167
2412.5,0.848696781127718
2413,0.848080964078313
2413.5,0.847412589680571
2414,0.84763841585465
2414.5,0.851913972732834
2415,0.85158260060773
2415.5,0.851639256790779
2416,0.851413778175056
2416.5,0.852760046202434
2417,0.852497404917857
2417.5,0.851354307260956
2418,0.852109340464716
2418.5,0.853356377345283
2419,0.851068993836676
2419.5,0.851715718581444
2420,0.854006091012795
2420.5,0.853583564911491
2421,0.854009519475596
2421.5,0.851955093871186
2422,0.851582199415128
2422.5,0.854484453956589
2423,0.853649154437806
2423.5,0.853627997673599
2424,0.854443147690238
2424.5,0.853859681786355
2425,0.853558962529215
2425.5,0.854018352337932
2426,0.852589546705106
2426.5,0.853857496954504
2427,0.853219770435034
2427.5,0.854214890943318
2428,0.855060869744458
2428.5,0.854132355656839
2429,0.85390901189152
2429.5,0.855529048289036
2430,0.855435766791092
2430.5,0.855585530990744
2431,0.857079776355914
2431.5,0.854843164221028
2432,0.857268839822362
2432.5,0.856225774804507
2433,0.855083348910047
2433.5,0.857998220521962
2434,0.857358708557477
2434.5,0.855886597933814
2435,0.856927845138124
2435.5,0.856317959868355
2436,0.858266546802862
2436.5,0.857953417758208
2437,0.855988823521253
2437.5,0.857112577872935
2438,0.857383554752263
2438.5,0.856168331101223
2439,0.859093835719099
2439.5,0.857399707916061
2440,0.858223631367946
2440.5,0.855407674996526
2441,0.856769058254021
2441.5,0.856274294640133
2442,0.859235711455772
2442.5,0.860761194658585
2443,0.859705853047796
2443.5,0.859535745066522
2444,0.859201392428034
2444.5,0.858316911580314
2445,0.860642126836545
2445.5,0.8618603288298
2446,0.860976462010596
2446.5,0.860615191716989
2447,0.859607001506413
2447.5,0.861445146878184
2448,0.861475500674583
2448.5,0.862595699431599
2449,0.8616758034988
2449.5,0.862919662537511
2450,0.861849358166025
2450.5,0.865442695006471
2451,0.862743298852636
2451.5,0.863488513274349
2452,0.865498115268792
2452.5,0.863949857653494
2453,0.864865021911433
2453.5,0.865115039087487
2454,0.867327449095295
2454.5,0.865766422146921
2455,0.867264544507366
2455.5,0.866400658422107
2456,0.867761043487682
2456.5,0.864898359475727
2457,0.867804367289388
2457.5,0.86607392979123
2458,0.86813168103734
2458.5,0.865906483725451
2459,0.868378258391857
2459.5,0.868798220941445
2460,0.865335556086724
2460.5,0.868866248273872
2461,0.86914446663408
2461.5,0.867332774845594
2462,0.868572231474782
2462.5,0.865958587171208
2463,0.86539369404849
2463.5,0.865537412592219
2464,0.865580447512941
2464.5,0.869398494336218
2465,0.865215754159255
2465.5,0.867838864378718
2466,0.868288168328654
2466.5,0.870639221021084
2467,0.868789487204128
2467.5,0.869658144050033
2468,0.871064455348404
2468.5,0.869573415796999
2469,0.867573437635355
2469.5,0.869996670493032
2470,0.869591481358335
2470.5,0.869533360324345
2471,0.870438646273667
2471.5,0.869633811561428
2472,0.870044939167947
2472.5,0.871064382421139
2473,0.872825303841312
2473.5,0.871520773336596
2474,0.87188397337509
2474.5,0.870887357709907
2475,0.872477722008618
2475.5,0.8731233269422
2476,0.871676408005725
2476.5,0.87223908838651
2477,0.871734154922649
2477.5,0.871702490965275
2478,0.873461161944638
2478.5,0.871031302464345
2479,0.869408168334255
2479.5,0.871659013922889
2480,0.873282925492134
2480.5,0.872309661486325
2481,0.874725811454461
2481.5,0.872794443842737
2482,0.869965582073934
2482.5,0.86951597133186
2483,0.871139156532708
2483.5,0.87171524317415
2484,0.873282215365539
2484.5,0.871328128174451
2485,0.872104017440971
2485.5,0.873036528623473
2486,0.872367947225431
2486.5,0.874054186158873
2487,0.874535735827911
2487.5,0.873407366350653
2488,0.875041184233246
2488.5,0.873907672082376
2489,0.874137342386674
2489.5,0.874718159707333
2490,0.873362792134122
2490.5,0.875029925190125
2491,0.873643118980259
2491.5,0.874923223546479
2492,0.877516769251725
2492.5,0.876051711656733
2493,0.876613599047725
2493.5,0.87414940406003
2494,0.875088571159827
2494.5,0.875908926148597
2495,0.874899560365412
2495.5,0.87590867857641
2496,0.873587008260729
2496.5,0.875231160715147
2497,0.873322816204543
2497.5,0.876454170761918
2498,0.875549605415096
2498.5,0.874477482256858
2499,0.875336063245195
2499.5,0.873513625062632
2500,0.874090624693237
2500.5,0.872201353374273
2501,0.876322251086526
2501.5,0.87462204465386
2502,0.874245815438021
2502.5,0.874714630851362
2503,0.876630374769888
2503.5,0.875807301718334
2504,0.876530045191378
2504.5,0.87771000369429
2505,0.877438325679391
2505.5,0.8806386879807
2506,0.875194522611548
2506.5,0.874936872941016
2507,0.878071059042081
2507.5,0.873700168045192
2508,0.87693602595267
2508.5,0.876030051425861
2509,0.876791357026682
2509.5,0.878359025152867
2510,0.876468312130816
2510.5,0.877623720772064
2511,0.875673296474179
2511.5,0.876704920761133
2512,0.876932733586243
2512.5,0.876539888745591
2513,0.877933982033432
2513.5,0.878580346271702
2514,0.878526500660232
2514.5,0.878788548821755
2515,0.87899732655618
2515.5,0.879893030020055
2516,0.879749506236421
2516.5,0.87636973466186
2517,0.879401220611566
2517.5,0.87930673820223
2518,0.880086405679447
2518.5,0.879700734712765
2519,0.879855507836837
2519.5,0.878378689074242
2520,0.878835912659282
2520.5,0.879355590820523
2521,0.878352446851983
2521.5,0.879399550069068
2522,0.877602666373643
2522.5,0.879529026726014
2523,0.880300843020917
2523.5,0.879596449513432
2524,0.879564662250214
2524.5,0.881482311533629
2525,0.879503707878438
2525.5,0.878544285946831
2526,0.881525994004439
2526.5,0.881983165772673
2527,0.879818376583778
2527.5,0.881430831823395
2528,0.881802642401789
2528.5,0.881518733741082
2529,0.882374088819823
2529.5,0.880855649355799
2530,0.882453750651374
2530.5,0.880793131909753
2531,0.87974253257046
2531.5,0.879586717680587
2532,0.880473801938067
2532.5,0.88106257312344
2533,0.880514491892271
2533.5,0.88327740298776
2534,0.884819665571435
2534.5,0.88401442748534
2535,0.8853019648086
2535.5,0.885932939998651
2536,0.88439365930966
2536.5,0.884912842945297
2537,0.884326420592109
2537.5,0.885220526911397
2538,0.882757377637212
2538.5,0.884882925413127
2539,0.885447667436548
2539.5,0.883438340297568
2540,0.883447512065772
2540.5,0.881960336337438
2541,0.883511226588127
2541.5,0.886861552350884
2542,0.885117915960898
2542.5,0.888685622735887
2543,0.887001502554357
2543.5,0.888938127175606
2544,0.886066992029343
2544.5,0.890343269630876
2545,0.888254131304165
2545.5,0.890122794021934
2546,0.886231697931304
2546.5,0.88739669953443
2547,0.888925436718096
2547.5,0.891556114876649
2548,0.891869829987458
2548.5,0.887801318708333
2549,0.888257809469687
2549.5,0.887365800631127
2550,0.889454960069421
2550.5,0.891608303682798
2551,0.889333022183485
2551.5,0.888791643565205
2552,0.893019093308793
2552.5,0.887567590042785
2553,0.890306760165915
2553.5,0.89053748620996
2554,0.889524927011181
2554.5,0.888802784678413
2555,0.887613871864779
2555.5,0.887465124623012
2556,0.886266374379961
2556.5,0.888283100728622
2557,0.886702719026749
2557.5,0.885830486287466
2558,0.888450350242227
2558.5,0.884962741297517
2559,0.887228318558965
2559.5,0.886832174284493
2560,0.886775882195657
2560.5,0.888208034034166
2561,0.886562802733072
2561.5,0.888106658824315
2562,0.886937611916463
2562.5,0.888942537756754
2563,0.886401804676299
2563.5,0.888450205400792
2564,0.88729219323149
2564.5,0.885782841180024
2565,0.889974484085889
2565.5,0.885238798550131
2566,0.888907637309146
2566.5,0.886301592023887
2567,0.887125386740402
2567.5,0.887491751415437
2568,0.888998401846749
2568.5,0.888671566226745
2569,0.888168397107793
2569.5,0.890357948509742
2570,0.889636339125003
2570.5,0.890516483593813
2571,0.892149195581002
2571.5,0.888606587842626
2572,0.8885717774784
2572.5,0.886653494414384
2573,0.891425331377473
2573.5,0.886507749535308
2574,0.889199019298682
2574.5,0.886465602519551
2575,0.884306432443736
2575.5,0.890842496374514
2576,0.887935310176211
2576.5,0.890933993432055
2577,0.889549056991772
2786,0.825762506755363
2786.5,0.826392329458303
2787,0.828134749168263
2787.5,0.828999434254962
2788,0.831695233273978
2788.5,0.83205976377714
2789,0.831458776696075
2789.5,0.832476594773088
2790,0.835702356663269
2790.5,0.834435009941475
2791,0.83460973334319
2791.5,0.834472210939625
2792,0.835228802215189
2792.5,0.834394845613857
2793,0.836379207084945
2793.5,0.835859698818196
2794,0.836063383506375
2794.5,0.835798668510501
2795,0.836247382804376
2795.5,0.835448199173859
2796,0.838398933009348
2796.5,0.837002852714349
2797,0.839892589509338
2797.5,0.837506419231726
2798,0.836929376101686
2798.5,0.840076358532875
2799,0.839348588923125
2799.5,0.839061778446806
2800,0.840054008116291
2800.5,0.84092664677846
2801,0.839024301210458
2801.5,0.840145132111194
2802,0.840364339005223
2802.5,0.841520911355862
2803,0.84146612764502
2803.5,0.843089575116879
2804,0.840630977206538
2804.5,0.8423454082211
2805,0.843404465161636
2805.5,0.84405574166192
2806,0.842995848679441
2806.5,0.843307824195468
2807,0.844397930209634
2807.5,0.841898203872074
2808,0.844497074845841
2808.5,0.845932444357653
2809,0.845489213488817
2809.5,0.847644064561026
2810,0.844902960935392
2810.5,0.846765200761097
2811,0.846319660887211
2811.5,0.845781416232397
2812,0.847010148212375
2812.5,0.845088698533777
2813,0.847175982243284
2813.5,0.843471731533489
2814,0.847370524833712
2814.5,0.848352022078361
2815,0.84952062059344
2815.5,0.847920578232037
2816,0.846180869134803
2816.5,0.849601899898776
2817,0.847273255101825
2817.5,0.847944581389941
2818,0.850139175805477
2818.5,0.848788947416721
2819,0.851220216222524
2819.5,0.850660881873679
2820,0.851856695795982
2820.5,0.850697126100192
2821,0.851253443143026
2821.5,0.851109601713541
2822,0.853125059296226
2822.5,0.852858558776018
2823,0.851577956360927
2823.5,0.852628749122562
2824,0.852779202263992
2824.5,0.851252976134663
2825,0.851945989671493
2825.5,0.853850848273521
2826,0.85397819917841
2826.5,0.851023680770906
2827,0.853801786182502
2827.5,0.853336099155713
2828,0.852644523103771
2828.5,0.853764060836374
2829,0.855109018845577
2829.5,0.853909830314023
2830,0.855156602947624
2830.5,0.855107292070457
2831,0.855824583784045
2831.5,0.854390705566267
2832,0.85720539896066
2832.5,0.856304922112678
2833,0.859331174042471
2833.5,0.856721807917523
2834,0.858639553101118
2834.5,0.856172022361023
2835,0.855144234970436
2835.5,0.856911955864366
2836,0.856255695800707
2836.5,0.855634351571833
2837,0.857040739463976
2837.5,0.858831488848623
2838,0.855700365985713
2838.5,0.855621037312281
2839,0.855176866842837
2839.5,0.856077220105336
2840,0.858105742971609
2840.5,0.858507339681269
2841,0.858783745236323
2841.5,0.861644786179781
2842,0.859324088991083
2842.5,0.857504021671691
2843,0.860444756733093
2843.5,0.857721651979934
2844,0.860544751954809
2844.5,0.859631511222149
2845,0.857204806806191
2845.5,0.857343349367269
2846,0.856304990836203
2846.5,0.858246950747882
2847,0.858422986487374
2847.5,0.859195354369898
2848,0.860100907639394
2848.5,0.858912290403662
2849,0.861163911812152
2849.5,0.862922398018322
2850,0.861945150263967
2850.5,0.862807213521555
2851,0.859732121568773
2851.5,0.860161060615709
2852,0.860969412828901
2852.5,0.861303992580303
2853,0.861676608420379
2853.5,0.861889555589766
2854,0.863866929848672
2854.5,0.86041626030036
2855,0.86151291666821
2855.5,0.863477629962442
2856,0.861993607778511
2856.5,0.862476123988459
2857,0.861851878364369
2857.5,0.861883788269178
2858,0.862155401733151
2858.5,0.864336601432337
2859,0.864972212674574
2859.5,0.866162045119081
2860,0.865663242021957
2860.5,0.865764851253876
2861,0.865970375061306
2861.5,0.865497362097973
2862,0.867550226578366
2862.5,0.864758681056868
2863,0.864199904471715
2863.5,0.867743633709198
2864,0.867428390675587
2864.5,0.866464003193712
2865,0.865314871134169
2865.5,0.868563284261573
2866,0.866487067893671
2866.5,0.867257769608083
2867,0.86793749716299
2867.5,0.868269647861637
2868,0.866760437344388
2868.5,0.87181338446398
2869,0.869027898796719
2869.5,0.870317121122585
2870,0.870910872329307
2870.5,0.868244552291348
2871,0.870301248473336
2871.5,0.870066024437365
2872,0.869780225237452
2872.5,0.869858739063556
2873,0.869437987013144
2873.5,0.869818043900317
2874,0.869254002066268
2874.5,0.869770063935709
2875,0.870138706575051
2875.5,0.868756093155259
2876,0.872553314862742
2876.5,0.870718227689033
2877,0.872146581132875
2877.5,0.871419572108578
2878,0.869388943817339
2878.5,0.870179630786497
2879,0.87210321863732
2879.5,0.871396456007691
2880,0.872011111004027
2880.5,0.871260152158458
2881,0.8702570167613
2881.5,0.870083064208589
2882,0.872711107858461
2882.5,0.872296779394084
2883,0.871147773319949
2883.5,0.87201450593783
2884,0.872218217974447
2884.5,0.871481868813156
2885,0.873267015735628
2885.5,0.872020878537401
2886,0.873979155371783
2886.5,0.871379375011408
2887,0.873183967712226
2887.5,0.872680678921839
2888,0.874102447181288
2888.5,0.874061909343329
2889,0.872192853777434
2889.5,0.872404983423701
2890,0.871255129282011
2890.5,0.873648719717816
2891,0.873531701397249
2891.5,0.872632025967938
2892,0.873182307671462
2892.5,0.870691880197677
2893,0.871801140461949
2893.5,0.872189484556221
2894,0.871254281082923
2894.5,0.870836967102932
2895,0.869983767107327
2895.5,0.870709201770415
2896,0.867799907233327
2896.5,0.871666995146117
2897,0.871038983532405
2897.5,0.871994282466451
2898,0.871265687241502
2898.5,0.873177624782761
2899,0.872474782560435
2899.5,0.872510629033359
2900,0.873993338878724
2900.5,0.873790223635841
2901,0.876655553295884
2901.5,0.873464765338295
2902,0.871605729355783
2902.5,0.878242940994863
2903,0.870172135974122
2903.5,0.872790448322943
2904,0.869836541273721
2904.5,0.873358679486445
2905,0.874536977044402
2905.5,0.87317964073725
2906,0.873153615234193
2906.5,0.872576887708226
2907,0.874648260863524
2907.5,0.875533046781944
2908,0.87536863796615
2908.5,0.873280395945115
2909,0.874395253956676
2909.5,0.873717128604374
2910,0.876222230651495
2910.5,0.877791386339496
2911,0.875779632503622
2911.5,0.878653716960717
2912,0.877274543900652
2912.5,0.879794336326753
2913,0.879059294906805
2913.5,0.881011537881735
2914,0.879918864471715
2914.5,0.876170377090112
2915,0.877678186328292
2915.5,0.877514375089528
2916,0.875727427766857
2916.5,0.877838745253002
2917,0.877009060240181
2917.5,0.879988931921713
2918,0.879648476217839
2918.5,0.880504331631541
2919,0.880080506377377
2919.5,0.879267631109408
2920,0.879613247525552
2920.5,0.879833880327995
2921,0.881759575437712
2921.5,0.882587521882221
2922,0.882346187865272
2922.5,0.882966017440903
2923,0.882196400304408
2923.5,0.881340425796274
2924,0.881436925386944
2924.5,0.883224722803586
2925,0.880402650423762
2925.5,0.879517434070589
2926,0.882366840847307
2926.5,0.882776613364765
2927,0.881583633645793
2927.5,0.881163849112793
2928,0.882121364227081
2928.5,0.881566354108036
2929,0.879119174877153
2929.5,0.879244212041259
2930,0.880412875984315
2930.5,0.879539914243624
2931,0.877878404206025
2931.5,0.878426239289173
2932,0.88129678395062
2932.5,0.881926270204516
2933,0.883479310398895
2933.5,0.882369991385453
2934,0.881272728897408
2934.5,0.883671319806902
2935,0.883353300983735
2935.5,0.881432592726235
2936,0.88405790307883
2936.5,0.882289732912826
2937,0.879321693887842
2937.5,0.883928210769426
2938,0.884512826536669
2938.5,0.881039492583717
2939,0.881037548886067
2939.5,0.884307940055089
2940,0.883334845372964
2940.5,0.885650062411477
2941,0.884068909691945
2941.5,0.883668406599526
2942,0.883707821514275
2942.5,0.884008556017245
2943,0.883046934272204
2943.5,0.884305532057931
2944,0.885470845776572
2944.5,0.885839715602704
2945,0.885122185807433
2945.5,0.884110503061697
2946,0.888149564054435
2946.5,0.885598621452214
2947,0.884120161736717
2947.5,0.884615792359237
2948,0.885310749008875
2948.5,0.883901427826835
2949,0.888325381765936
2949.5,0.885750723832325
2950,0.890479227039971
2950.5,0.888284136861454
2951,0.888549311143421
2951.5,0.886229140680673
2952,0.886622483797171
2952.5,0.885359917932144
2953,0.882744912959205
2953.5,0.885887459388811
2954,0.886125166040745
2954.5,0.883073654609984
2955,0.886523252736586
2955.5,0.884572183269261
2956,0.885507100944531
2956.5,0.88383200806743
2957,0.882636932162153
2957.5,0.883901368829344
2958,0.883240602776636
2958.5,0.881826727631288
2959,0.885448291646549
2959.5,0.881895979346681
2960,0.883670576495626
2960.5,0.886644919273617
2961,0.879490093978581
2961.5,0.883975494863043
2962,0.886054824576833
2962.5,0.882477606377253
2963,0.883727337482958
2963.5,0.882401456969596
2964,0.883632135085526
2964.5,0.882203050867868
2965,0.883915111052694
2965.5,0.88259144534445
2966,0.881963433206888
2966.5,0.881557296542718
2967,0.884590457715774
2967.5,0.885809066525968
2968,0.884782332830562
2968.5,0.882245391440968
2969,0.887615055192956
2969.5,0.887815513192069
2970,0.888509459074858
2970.5,0.886031329955355
2971,0.887701759935941
2971.5,0.889445472263151
2972,0.888487615692946
2972.5,0.88864126442098
2973,0.886959054946746
2973.5,0.889576333903661
2974,0.887979703013975
2974.5,0.890427935869779
2975,0.892533238205304
3184,0.81850573018472
3184.5,0.818839544474525
3185,0.818475872191687
3185.5,0.821266804372245
3186,0.822091488853752
3186.5,0.823018702556475
3187,0.822855638578686
3187.5,0.824504729516605
3188,0.827270208687318
3188.5,0.829853397113839
3189,0.831477469495879
3189.5,0.829560560165962
3190,0.829872266679148
3190.5,0.831289587329525
3191,0.828766446891145
3191.5,0.830431232096935
3192,0.828071497521275
3192.5,0.831787374291829
3193,0.830831347491936
3193.5,0.831732141208172
3194,0.833243455635816
3194.5,0.831236619769469
3195,0.8344264131839
3195.5,0.833154678660413
3196,0.832141809553314
3196.5,0.833190733925058
3197,0.832113097930627
3197.5,0.83474773376839
3198,0.837741212582697
3198.5,0.834945667239122
3199,0.837068505063554
3199.5,0.836386585233651
3200,0.836233411280778
3200.5,0.836862165647426
3201,0.836427482411259
3201.5,0.838510261375935
3202,0.836685702192321
3202.5,0.839217057406477
3203,0.837942836378092
3203.5,0.839035539100119
3204,0.839539045090819
3204.5,0.839757878465078
3205,0.842215109469795
3205.5,0.841991876270954
3206,0.840454182227047
3206.5,0.841981911259877
3207,0.842180079211397
3207.5,0.841210161150966
3208,0.841989436990674
3208.5,0.843758053979289
3209,0.841534924056796
3209.5,0.84382358963089
3210,0.843440581713512
3210.5,0.84519536077926
3211,0.844175623170772
3211.5,0.845095139388793
3212,0.845720099911939
3212.5,0.845446310082767
3213,0.846017392632913
3213.5,0.848557480869724
3214,0.847257890123689
3214.5,0.848955982671242
3215,0.845658378592851
3215.5,0.846581072382008
3216,0.848493854775373
3216.5,0.847573322762065
3217,0.848903573052391
3217.5,0.847207398275954
3218,0.848587800136658
3218.5,0.847362100136933
3219,0.849590603671372
3219.5,0.850110798180493
3220,0.848969331742694
3220.5,0.848357441695755
3221,0.849147034543519
3221.5,0.850231216354451
3222,0.848836205073311
3222.5,0.85176411540058
3223,0.851172010275707
3223.5,0.849510521236
3224,0.850428643047467
3224.5,0.85250793034186
3225,0.85146674543393
3225.5,0.851092217158006
3226,0.852294082795518
3226.5,0.853195190189911
3227,0.851187907425252
3227.5,0.852116480849323
3228,0.850274392530094
3228.5,0.851888770978578
3229,0.852675962491291
3229.5,0.854600531998901
3230,0.85663495933677
3230.5,0.85186922234938
3231,0.853633233870759
3231.5,0.854279613736997
3232,0.853920250849214
3232.5,0.85542581035872
3233,0.853318521961795
3233.5,0.854446849972383
3234,0.855338015118566
3234.5,0.852979414796183
3235,0.853412724673139
3235.5,0.854961042488148
3236,0.853667831754481
3236.5,0.853435577808839
3237,0.855142062123336
3237.5,0.855988406824472
3238,0.855700383536667
3238.5,0.856672914203173
3239,0.855073351574155
3239.5,0.852856600238627
3240,0.854846593972038
3240.5,0.853773107460653
3241,0.855557628281507
3241.5,0.85475097344674
3242,0.855723854850985
3242.5,0.855936443667301
3243,0.856388715638114
3243.5,0.857381574053027
3244,0.855052447043215
3244.5,0.857654077534153
3245,0.854457414948103
3245.5,0.856991403941244
3246,0.856954178087411
3246.5,0.855908795296301
3247,0.855534377802544
3247.5,0.859884371396813
3248,0.859140654159411
3248.5,0.857765253728662
3249,0.856640211230699
3249.5,0.85801627541598
3250,0.85802203642252
3250.5,0.858930752506109
3251,0.858650650138274
3251.5,0.85804889900007
3252,0.861081271430389
3252.5,0.85989013148318
3253,0.860412552582366
3253.5,0.86108859916121
3254,0.858803355080192
3254.5,0.861269107492455
3255,0.859989174710122
3255.5,0.858152839705901
3256,0.859845863916746
3256.5,0.859000715887066
3257,0.85933254868158
3257.5,0.86108456315111
3258,0.859870500648548
3258.5,0.860454226648141
3259,0.859344542145775
3259.5,0.860399127422671
3260,0.859216531338032
3260.5,0.861055620494452
3261,0.865384144215607
3261.5,0.862702472289496
3262,0.863931868771858
3262.5,0.865416143799783
3263,0.863923749876655
3263.5,0.865624918703498
3264,0.866329840273164
3264.5,0.865845818114615
3265,0.864376545131029
3265.5,0.865223814874007
3266,0.865488751278003
3266.5,0.864641014742145
3267,0.867150330689085
3267.5,0.866187468370184
3268,0.865081750993111
3268.5,0.865555491332455
3269,0.865239055297846
3269.5,0.8683620729863
3270,0.862843400261057
3270.5,0.866965574122157
3271,0.866494035103739
3271.5,0.867355471860647
3272,0.865854885515235
3272.5,0.868420393743614
3273,0.866217136795807
3273.5,0.867680638466532
3274,0.868746153649325
3274.5,0.868278456762015
3275,0.867161487965524
3275.5,0.869957705625971
3276,0.870197630676705
3276.5,0.870724183286617
3277,0.872096034915744
3277.5,0.868124074920654
3278,0.869856694389481
3278.5,0.867818433132709
3279,0.8690809281613
3279.5,0.868405016310204
3280,0.86921487236503
3280.5,0.867357006110448
3281,0.871482806157774
3281.5,0.869371517176008
3282,0.868133722597576
3282.5,0.86894748408121
3283,0.866707307382119
3283.5,0.870800388579026
3284,0.86946358534344
3284.5,0.871420618200004
3285,0.870225690913235
3285.5,0.870215683537246
3286,0.873807669693913
3286.5,0.873294861462573
3287,0.872013281956412
3287.5,0.875032164889142
3288,0.870668363027503
3288.5,0.875155202077458
3289,0.874125761866443
3289.5,0.872301221700483
3290,0.874196293992262
3290.5,0.872598095775665
3291,0.871782983145175
3291.5,0.871551076489199
3292,0.872012065936455
3292.5,0.871227463171902
3293,0.871725354072009
3293.5,0.87300065770412
3294,0.871740224520408
3294.5,0.872552573686079
3295,0.87133472093641
3295.5,0.870768467404278
3296,0.873166683378196
3296.5,0.87103893251516
3297,0.876961711944744
3297.5,0.872260236179898
3298,0.873842468145665
3298.5,0.872856380097996
3299,0.874863028080023
3299.5,0.874096575300382
3300,0.872417115404651
3300.5,0.874442643576847
3301,0.871181709405378
3301.5,0.873479940333167
3302,0.872965709953554
3302.5,0.8737067672099
3303,0.874281136697315
3303.5,0.871743003393778
3304,0.87544584696291
3304.5,0.873307639384127
3305,0.871033217604745
3305.5,0.873955810899608
3306,0.870930502410907
3306.5,0.875141053754566
3307,0.871255454086382
3307.5,0.873664667454099
3308,0.872178060931107
3308.5,0.872686123143348
3309,0.873997492167371
3309.5,0.873239127736743
3310,0.871957865850288
3310.5,0.874584688449449
3311,0.87612436351735
3311.5,0.873460966486578
3312,0.870789754100473
3312.5,0.871398499682185
3313,0.873509008666494
3313.5,0.871128223060671
3314,0.874800041070831
3314.5,0.873095826412135
3315,0.874030861686955
3315.5,0.874383310148664
3316,0.875438803555464
3316.5,0.875465933064217
3317,0.875864581467775
3317.5,0.874604630726748
3318,0.877727664876694
3318.5,0.876438769482279
3319,0.877197270861891
3319.5,0.8774287317539
3320,0.879043041271843
3320.5,0.880397439513783
3321,0.877221659053558
3321.5,0.880029782393683
3322,0.87946992193338
3322.5,0.881142677981647
3323,0.87767119508794
3323.5,0.8814020870047
3324,0.880999580563888
3324.5,0.877740922598336
3325,0.876784975566988
3325.5,0.873172962832959
3326,0.876015370257961
3326.5,0.876921118057497
3327,0.878309493480238
3327.5,0.877259750082185
3328,0.878801231617201
3328.5,0.878659374081975
3329,0.878819921197798
3329.5,0.878857647753058
3330,0.878777781712576
3330.5,0.881065151859829
3331,0.877733086854712
3331.5,0.878596135474855
3332,0.87943376138712
3332.5,0.881614906379061
3333,0.879504859625462
3333.5,0.878715437832495
3334,0.879343547650401
3334.5,0.882335322009422
3335,0.881849265413662
3335.5,0.87689892960302
3336,0.881529595340962
3336.5,0.878891784936808
3337,0.879463297561932
3337.5,0.882341377650381
3338,0.880882201487559
3338.5,0.878764388597777
3339,0.88118725942147
3339.5,0.879141349834896
3340,0.881157231728059
3340.5,0.876164531132849
3341,0.879096715122499
3341.5,0.877687390764084
3342,0.880093695663667
3342.5,0.881568196162245
3343,0.879149170444079
3343.5,0.880996733041902
3344,0.881573144160887
3344.5,0.880427139570644
3345,0.881711716112078
3345.5,0.880846407603109
3346,0.882225770575738
3346.5,0.88036669909349
3347,0.881982591121906
3347.5,0.881288371077876
3348,0.885431879434546
3348.5,0.88229557199887
3349,0.883618086340837
3349.5,0.882016070567664
3350,0.88138460614422
3350.5,0.88345243079523
3351,0.882518517188445
3351.5,0.883238723172327
3352,0.88621439454904
3352.5,0.884747043392911
3353,0.886638489076334
3353.5,0.882628411214413
3354,0.88230734747584
3354.5,0.882328800417
3355,0.882384131848802
3355.5,0.881880152769571
3356,0.881730625851844
3356.5,0.88120009905457
3357,0.88411269871784
3357.5,0.886724230013383
3358,0.885802119514096
3358.5,0.884064652762033
3359,0.883415245398124
3359.5,0.883938589542773
3360,0.882336203692646
3360.5,0.884428335099782
3361,0.886230372310687
3361.5,0.88615089170479
3362,0.882490343168763
3362.5,0.883215331494277
3363,0.886704026328303
3363.5,0.886641088710411
3364,0.884565641602956
3364.5,0.885060014760319
3365,0.887140441771305
3365.5,0.884949101369462
3366,0.885255299068193
3366.5,0.88743585762508
3367,0.886297377703543
3367.5,0.886419771010887
3368,0.884777519222801
3368.5,0.885225530808414
3369,0.886142647852468
3369.5,0.887727816379149
3370,0.887322763358141
3370.5,0.887718690692799
3371,0.884116642205131
3371.5,0.886246265801241
3372,0.88431732779892
3372.5,0.890587853991701
3373,0.887183089416448
3582,0.817316578446381
3582.5,0.819037592522165
3583,0.818435223743696
3583.5,0.820382571433883
3584,0.821994076385817
3584.5,0.822436463937915
3585,0.827030067278648
3585.5,0.824525820568503
3586,0.824534803536767
3586.5,0.825915375806097
3587,0.825579049182986
3587.5,0.827559845812289
3588,0.828914065169553
3588.5,0.827356139346268
3589,0.829300654609031
3589.5,0.827468673788879
3590,0.828575855301083
3590.5,0.830978972730604
3591,0.827729706305844
3591.5,0.828208506042144
3592,0.827647575626107
3592.5,0.826886666866703
3593,0.82856549563657
3593.5,0.828531625178064
3594,0.826914145820306
3594.5,0.830654438459407
3595,0.831657488239599
3595.5,0.831108795359738
3596,0.83183851329312
3596.5,0.833341141592873
3597,0.829848332663685
3597.5,0.832065756326944
3598,0.832898432197655
3598.5,0.833280108683142
3599,0.834133961054347
3599.5,0.833911869009446
3600,0.83285382513971
3600.5,0.833061069645728
3601,0.833035757842219
3601.5,0.834991304506457
3602,0.835925393539252
3602.5,0.834617987140173
3603,0.836590934505462
3603.5,0.836924704978295
3604,0.835078442390977
3604.5,0.837194115257405
3605,0.835758148079239
3605.5,0.838582124463213
3606,0.839269812835317
3606.5,0.838114157723787
3607,0.840507840643917
3607.5,0.841138380024133
3608,0.841238063927478
3608.5,0.840092482171589
3609,0.839997969998344
3609.5,0.841424050693054
3610,0.838593138453018
3610.5,0.841029750199338
3611,0.840918737945395
3611.5,0.839930695907343
3612,0.840346242311125
3612.5,0.841001069494993
3613,0.840889170133708
3613.5,0.840550768717021
3614,0.84065830503197
3614.5,0.841492404560607
3615,0.841616370876632
3615.5,0.844051093721074
3616,0.841027200663876
3616.5,0.842734566966177
3617,0.843485760284427
3617.5,0.841432260215217
3618,0.844404138630788
3618.5,0.842496911691455
3619,0.844707826705507
3619.5,0.845425005649882
3620,0.845714153359655
3620.5,0.847092543434941
3621,0.843682585761712
3621.5,0.844952593034697
3622,0.8455648888867
3622.5,0.844394928338558
3623,0.846318500961681
3623.5,0.844987851025076
3624,0.846449815944449
3624.5,0.845482234135632
3625,0.846893557105279
3625.5,0.847866308928086
3626,0.846367837322652
3626.5,0.847992227469846
3627,0.848733187217068
3627.5,0.848947888016216
3628,0.84793397844208
3628.5,0.846431748508838
3629,0.849297509259109
3629.5,0.848048372544475
3630,0.849677073292443
3630.5,0.845954817636154
3631,0.849315567526247
3631.5,0.848850949530161
3632,0.849902300624069
3632.5,0.84984261507129
3633,0.850742425875472
3633.5,0.850335836010816
3634,0.849847069085872
3634.5,0.851203024931254
3635,0.84969575202409
3635.5,0.851769941220044
3636,0.851667927232809
3636.5,0.85212337419758
3637,0.852651253214936
3637.5,0.85274732340157
3638,0.851264649110909
3638.5,0.852039872889425
3639,0.850412135954788
3639.5,0.852140622832003
3640,0.853742318457208
3640.5,0.85320640392346
3641,0.851929184218621
3641.5,0.852787658746676
3642,0.852506755008623
3642.5,0.851292596022342
3643,0.852687232578435
3643.5,0.852900722183358
3644,0.852617607965335
3644.5,0.851720308991392
3645,0.852509246410801
3645.5,0.853009970256382
3646,0.853495865170637
3646.5,0.852869748875656
3647,0.853194597165269
3647.5,0.854094220194833
3648,0.853357488017164
3648.5,0.85255961394221
3649,0.855681375596149
3649.5,0.855725944886394
3650,0.856636911171486
3650.5,0.856034139937335
3651,0.855739091834648
3651.5,0.855812366297799
3652,0.855999043425575
3652.5,0.858152740215405
3653,0.857192535960631
3653.5,0.856891179920574
3654,0.856638147021028
3654.5,0.859187681589285
3655,0.858681674787367
3655.5,0.858982310142525
3656,0.858729120952277
3656.5,0.857808619959175
3657,0.857079835829743
3657.5,0.857150710507205
3658,0.857554359980387
3658.5,0.858808157372514
3659,0.8594373644767
3659.5,0.86041093128835
3660,0.858875495905741
3660.5,0.862198768822695
3661,0.859988029917203
3661.5,0.859874306896214
3662,0.859657977088147
3662.5,0.861028907065
3663,0.861403785249131
3663.5,0.861691790727553
3664,0.860486555264323
3664.5,0.861473332152043
3665,0.860413405096585
3665.5,0.863279832197152
3666,0.859839838844168
3666.5,0.860496906746311
3667,0.860854660335097
3667.5,0.865812712033341
3668,0.863799644445331
3668.5,0.86472318822785
3669,0.865547887630788
3669.5,0.864098805025045
3670,0.863967555631901
3670.5,0.863705652500333
3671,0.861852943216155
3671.5,0.864095829718444
3672,0.861617849774519
3672.5,0.86342622548438
3673,0.864800232879805
3673.5,0.861643324499132
3674,0.862549574447955
3674.5,0.861824070878768
3675,0.862472234219747
3675.5,0.86270080964022
3676,0.864210062870026
3676.5,0.863015614887823
3677,0.866108753340006
3677.5,0.863757634014472
3678,0.865661896847977
3678.5,0.866405527609017
3679,0.865363470544203
3679.5,0.862929274585853
3680,0.8635777341576
3680.5,0.864282820365892
3681,0.863584752646129
3681.5,0.86565612031276
3682,0.869965610957019
3682.5,0.865017230980579
3683,0.865363620062109
3683.5,0.866250891443111
3684,0.865225852017807
3684.5,0.869471259989914
3685,0.866289462746519
3685.5,0.86873800790714
3686,0.866384662899405
3686.5,0.869413654087785
3687,0.866725074771387
3687.5,0.865694156092204
3688,0.868381101912609
3688.5,0.864104141759819
3689,0.867705931089919
3689.5,0.868733690450526
3690,0.86744413390549
3690.5,0.868586366814713
3691,0.866011937488708
3691.5,0.868236797434365
3692,0.866129887815968
3692.5,0.865222977886759
3693,0.863538960711868
3693.5,0.865357684953647
3694,0.865190452732715
3694.5,0.866108710239464
3695,0.866843134229935
3695.5,0.866424943669409
3696,0.862450578537007
3696.5,0.866625045789992
3697,0.866270091384862
3697.5,0.866514943391321
3698,0.868314542623589
3698.5,0.868204664666106
3699,0.867186288708981
3699.5,0.86728222555895
3700,0.867836798967578
3700.5,0.868601353376155
3701,0.867455205485126
3701.5,0.86702887686655
3702,0.868601625399902
3702.5,0.868624778059861
3703,0.869609780933731
3703.5,0.868692490899509
3704,0.870524768777843
3704.5,0.871061444622292
3705,0.867592992177976
3705.5,0.866148522447783
3706,0.866494357415807
3706.5,0.868590352533975
3707,0.86831339834155
3707.5,0.870943514717282
3708,0.868900569553376
3708.5,0.873682203025156
3709,0.871569142422942
3709.5,0.871886838381014
3710,0.872856480630157
3710.5,0.869472123553137
3711,0.868941050890971
3711.5,0.870258848738835
3712,0.87055878160384
3712.5,0.871665804849417
3713,0.871791041731501
3713.5,0.871264888714752
3714,0.869191574172591
3714.5,0.875718182851376
3715,0.872923656061706
3715.5,0.872693252445421
3716,0.875463881380547
3716.5,0.875851034668177
3717,0.873282125872515
3717.5,0.872066857562766
3718,0.873164420462243
3718.5,0.873194251890701
3719,0.87315913741405
3719.5,0.874457811740761
3720,0.871745867507229
3720.5,0.872881363599323
3721,0.870209070552329
3721.5,0.872280738529123
3722,0.869620068586184
3722.5,0.870475539002501
3723,0.870578356002123
3723.5,0.873171145709956
3724,0.869981573862453
3724.5,0.871924431063976
3725,0.874034614738181
3725.5,0.872816127295608
3726,0.873971177138441
3726.5,0.872657654612033
3727,0.87470039321138
3727.5,0.872258434001653
3728,0.876114300454346
3728.5,0.873424000484213
3729,0.873634333792565
3729.5,0.874271496151792
3730,0.874500087330975
3730.5,0.875288952579843
3731,0.875046286759786
3731.5,0.878315120018044
3732,0.876367125879815
3732.5,0.87536599060835
3733,0.877844214643873
3733.5,0.874045042376611
3734,0.874738230104874
3734.5,0.876388522271451
3735,0.870533865708891
3735.5,0.873425011205625
3736,0.876557811003544
3736.5,0.878035105810513
3737,0.874863027872527
3737.5,0.877357281727439
3738,0.87719109068235
3738.5,0.876701344430054
3739,0.876550948278286
3739.5,0.877279660471706
3740,0.876281474417077
3740.5,0.876304951568311
3741,0.880373406813743
3741.5,0.875268601018844
3742,0.878325964564307
3742.5,0.875905799750312
3743,0.874826434513581
3743.5,0.876911567690238
3744,0.876782412013772
3744.5,0.875214286744483
3745,0.878490732270237
3745.5,0.877693366799706
3746,0.878479356073819
3746.5,0.878359905361113
3747,0.878508431075425
3747.5,0.877810697705023
3748,0.878295783615174
3748.5,0.876407807128835
3749,0.877949205932098
3749.5,0.876070678743505
3750,0.87340456290454
3750.5,0.873795428807755
3751,0.875839838271733
3751.5,0.875427432716191
3752,0.879531189600699
3752.5,0.876663203108314
3753,0.879836540312663
3753.5,0.875201034866159
3754,0.879288729965582
3754.5,0.87746431882311
3755,0.877640322073289
3755.5,0.881748747541314
3756,0.880292069545007
3756.5,0.879349740024566
3757,0.878765928522442
3757.5,0.878615594295522
3758,0.876481018814365
3758.5,0.880000500051447
3759,0.878434792658014
3759.5,0.875238984358534
3760,0.879442676421377
3760.5,0.878008054574313
3761,0.878719704880144
3761.5,0.878467538340214
3762,0.880427641400759
3762.5,0.882225854718319
3763,0.877815005199767
3763.5,0.878884504236072
3764,0.87856469686001
3764.5,0.882483053041712
3765,0.882291743299548
3765.5,0.879429407479552
3766,0.879565072083766
3766.5,0.88293057456901
3767,0.880993530394162
3767.5,0.881253618741662
3768,0.884127689254606
3768.5,0.880496820860237
3769,0.878082889708862
3769.5,0.881840192252906
3770,0.879143369290011
3770.5,0.881462107734424
3771,0.881278347422361
